"漢字","学年","出題級","画数","音読み","訓読み（送り仮名）","熟語の例","部首の候補","部首のもとの字","部首名","部首の校正状態","同訓異字"
"一","1年","6級から","1","イチ・イツ","ひと・ひと（つ）","一度（いちど）・一覧（いちらん）・一切（いっさい）・統一（とういつ）・一生（いっしょう）","一","","","未校正",""
"右","1年","6級から","5","ウ・ユウ","みぎ","左右（さゆう）・右手（みぎて）・右派（うは）・右折（うせつ）・座右（ざゆう）","口","","","未校正",""
"雨","1年","6級から","8","ウ","あめ・あま","梅雨（つゆ）・大雨（おおあめ）・雨天（うてん）・降雨（こうう）・雨季（うき）","雨","","","未校正",""
"円","1年","6級から","4","エン","まる（い）","円周（えんしゅう）・円柱（えんちゅう）・円熟（えんじゅく）・一円（いちえん）・千円（せんえん）","冂","","","未校正","丸い"
"王","1年","6級から","4","オウ","","王子（おうじ）・仁王（におう）","王","玉","","未校正",""
"音","1年","6級から","9","オン・イン","おと・ね","音楽（おんがく）・録音（ろくおん）・発音（はつおん）・福音（ふくいん）・音色（ねいろ）","音","","","未校正",""
"下","1年","6級から","3","カ・ゲ","した・しも・もと・さ（げる）・さ（がる）・くだ（る）・くだ（す）・くだ（さる）・お（ろす）・お（りる）","地下（ちか）・上下（うえした）・落下（らっか）・下降（かこう）・下車（げしゃ）","一","","","未校正","元・本・基・提げる・卸す・降ろす・降りる"
"火","1年","6級から","4","カ","ひ・ほ","花火（はなび）・火災（かさい）・火薬（かやく）・点火（てんか）・火花（ひばな）","火","","","未校正","灯"
"花","1年","6級から","7","カ","はな","花火（はなび）・花束（はなたば）・花屋（はなや）・花園（はなぞの）・梨花（りか）","艹","艸","","未校正","華"
"貝","1年","6級から","7","","かい","貝細工（かいざいく）","貝","","","未校正",""
"学","1年","6級から","8","ガク","まな（ぶ）","大学（だいがく）・学校（がっこう）・科学（かがく）・学習（がくしゅう）・文学（ぶんがく）","子","","","未校正",""
"気","1年","6級から","6","キ・ケ","","元気（げんき）・電気（でんき）・病気（びょうき）・景気（けいき）・勇気（ゆうき）","气","","","未校正",""
"九","1年","6級から","2","キュウ・ク","ここの・ここの（つ）","九月（くがつ）・九重（ここのえ）・九日（ここのか）・九百（きゅうひゃく）・三拝九拝（さんぱいきゅうはい）","","","","未校正",""
"休","1年","6級から","6","キュウ","やす（む）・やす（まる）・やす（める）","休日（きゅうじつ）・休止（きゅうし）・定休（ていきゅう）・休養（きゅうよう）・休息（きゅうそく）","亻","人","","未校正",""
"玉","1年","6級から","5","ギョク","たま","埼玉（さいたま）・目玉（めだま）・玉座（ぎょくざ）・玉石（ぎょくせき）・埼玉県（さいたまけん）","玉","","","未校正","球・弾"
"金","1年","6級から","8","キン・コン","かね・かな","料金（りょうきん）・金額（きんがく）・税金（ぜいきん）・賃金（ちんぎん）・借金（しゃっきん）","金","","","未校正",""
"空","1年","6級から","8","クウ","そら・あ（く）・あ（ける）・から","空港（くうこう）・航空（こうくう）・青空（あおぞら）・上空（じょうくう）・空想（くうそう）","穴","","","未校正","開く・明く・開ける・明ける"
"月","1年","6級から","4","ゲツ・ガツ","つき","月曜日（げつようび）・正月（しょうがつ）・六月（ろくがつ）・九月（くがつ）・八月（はちがつ）","月","","","未校正",""
"犬","1年","6級から","4","ケン","いぬ","愛犬（あいけん）・犬歯（けんし）・野犬（やけん）","犬","","","未校正",""
"見","1年","6級から","7","ケン","み（る）・み（える）・み（せる）","意見（いけん）・見学（けんがく）・拝見（はいけん）・見地（けんち）・見聞（けんぶん）","見","","","未校正","診る"
"五","1年","6級から","4","ゴ","いつ・いつ（つ）","七五三（しちごさん）・五色（ごしき）・五割（ごわり）・五穀（ごこく）・五日（いつか）","","","","未校正",""
"口","1年","6級から","3","コウ・ク","くち","人口（じんこう）・窓口（まどぐち）・出口（でぐち）・口調（くちょう）・河口（かこう）","口","","","未校正",""
"校","1年","6級から","10","コウ","","学校（がっこう）・登校（とうこう）・校舎（こうしゃ）・将校（しょうこう）・校庭（こうてい）","木","","","未校正",""
"左","1年","6級から","5","サ","ひだり","左右（さゆう）","工","","","未校正",""
"三","1年","6級から","3","サン","み・みつ・みっ（つ）","第三者（だいさんしゃ）・三角（さんかく）・再三（さいさん）・三日月（みかづき）・三流（さんりゅう）","一","","","未校正",""
"山","1年","6級から","3","サン","やま","岡山（おかやま）・富山（とやま）・登山（とざん）・鉱山（こうざん）・山梨（やまなし）","山","","","未校正",""
"子","1年","6級から","3","シ・ス","こ","子供（こども）・様子（ようす）・女子（じょし）・男子（だんし）・親子（おやこ）","子","","","未校正",""
"四","1年","6級から","5","シ","よ・よつ・よっ（つ）・よん","四季（しき）・四角（しかく）・四十七士（しじゅうしちし）・四人（よにん）","囗","","","未校正",""
"糸","1年","6級から","6","シ","いと","毛糸（けいと）・生糸（きいと）・蚕糸（さんし）・糸目（いとめ）・製糸（せいし）","糸","","","未校正",""
"字","1年","6級から","6","ジ","あざ","文字（もじ）・数字（すうじ）・漢字（かんじ）・赤字（あかじ）・活字（かつじ）","","","","未校正",""
"耳","1年","6級から","6","ジ","みみ","耳鼻科（じびか）・初耳（はつみみ）・早耳（はやみみ）","耳","","","未校正",""
"七","1年","6級から","2","シチ","なな・なな（つ）・なの","七五三（しちごさん）・七福神（しちふくじん）・四十七士（しじゅうしちし）・七日（なのか）・七曜表（しちようひょう）","","","","未校正",""
"車","1年","6級から","7","シャ","くるま","電車（でんしゃ）・列車（れっしゃ）・乗車（じょうしゃ）・下車（げしゃ）・停車（ていしゃ）","車","","","未校正",""
"手","1年","6級から","4","シュ","て・た","相手（あいて）・選手（せんしゅ）・手段（しゅだん）・勝手（かって）・右手（みぎて）","手","","","未校正",""
"十","1年","6級から","2","ジュウ・ジッ","とお・と","十二月（じゅうにがつ）・何十（なんじゅう）・三十分（さんじゅっぷん）・四十七士（しじゅうしちし）・十回（じっかい）","十","","","未校正",""
"出","1年","6級から","5","シュツ・スイ","で（る）・だ（す）","出版（しゅっぱん）・提出（ていしゅつ）・出席（しゅっせき）・出来事（できごと）・輸出（ゆしゅつ）","","","","未校正",""
"女","1年","6級から","3","ジョ・ニョ・ニョウ","おんな・め","少女（しょうじょ）・女子（じょし）・男女（だんじょ）・長女（ちょうじょ）・女神（めがみ）","女","","","未校正",""
"小","1年","6級から","3","ショウ","ちい（さい）・こ・お","小説（しょうせつ）・小型（こがた）・縮小（しゅくしょう）・小川（おがわ）・小銭（こぜに）","小","","","未校正",""
"上","1年","6級から","3","ジョウ・ショウ","うえ・うわ・かみ・あ（げる）・あ（がる）・のぼ（る）・のぼ（せる）・のぼ（す）","以上（いじょう）・向上（こうじょう）・上司（じょうし）・上映（じょうえい）・地上（ちじょう）","","","","未校正","揚げる・挙げる・揚がる・挙がる・昇る・登る"
"森","1年","6級から","12","シン","もり","森林（しんりん）・森厳（しんげん）","木","","","未校正",""
"人","1年","6級から","2","ジン・ニン","ひと","人間（にんげん）・個人（こじん）・人物（じんぶつ）・人口（じんこう）・人権（じんけん）","人","","","未校正",""
"水","1年","6級から","4","スイ","みず","水分（すいぶん）・水泳（すいえい）・海水（かいすい）・水田（すいでん）・香水（こうすい）","水","","","未校正",""
"正","1年","6級から","5","セイ・ショウ","ただ（しい）・ただ（す）・まさ","正直（しょうじき）・正確（せいかく）・正義（せいぎ）・正面（しょうめん）・正月（しょうがつ）","","","","未校正",""
"生","1年","6級から","5","セイ・ショウ","い（きる）・い（かす）・い（ける）・う（まれる）・う（む）・おう・は（える）・は（やす）・き・なま","先生（せんせい）・生活（せいかつ）・生産（せいさん）・発生（はっせい）・誕生（たんじょう）","生","","","未校正","産まれる・産む"
"青","1年","6級から","8","セイ・ショウ","あお・あお（い）","青年（せいねん）・青春（せいしゅん）・青空（あおぞら）・青銅（せいどう）・群青（ぐんじょう）","青","","","未校正",""
"夕","1年","6級から","3","セキ","ゆう","夕方（ゆうがた）・夕日（ゆうひ）・一朝一夕（いっちょういっせき）・夕立（ゆうだち）・今夕（こんせき）","夕","","","未校正",""
"石","1年","6級から","5","セキ・シャク・コク","いし","石油（せきゆ）・石炭（せきたん）・宝石（ほうせき）・化石（かせき）・磁石（じしゃく）","石","","","未校正",""
"赤","1年","6級から","7","セキ・シャク","あか・あか（い）・あか（らむ）・あか（らめる）","赤字（あかじ）・赤道（せきどう）・赤土（あかつち）・赤飯（せきはん）・赤組（あかぐみ）","赤","","","未校正",""
"千","1年","6級から","3","セン","ち","千差万別（せんさばんべつ）・群千鳥（むらちどり）・千円（せんえん）・千人力（せんにんりき）・千石船（せんごくぶね）","","","","未校正",""
"川","1年","6級から","3","セン","かわ","神奈川（かながわ）・川崎（かわさき）・小川（おがわ）・河川（かせん）・川上（かわかみ）","川","巛","","未校正","河"
"先","1年","6級から","6","セン","さき","先生（せんせい）・先方（せんぽう）・指先（ゆびさき）・率先（そっせん）・旅先（たびさき）","儿","八","","未校正",""
"早","1年","6級から","6","ソウ・サッ","はや（い）・はや（まる）・はや（める）","早速（さっそく）・早朝（そうちょう）・早急（そうきゅう）・早口（はやくち）・早晩（そうばん）","日","","","未校正","速い・速まる・速める"
"草","1年","6級から","9","ソウ","くさ","草案（そうあん）・雑草（ざっそう）・牧草（ぼくそう）・草花（くさばな）・千草（ちぐさ）","艹","艸","","未校正",""
"足","1年","6級から","7","ソク","あし・た（りる）・たる・た（す）","満足（まんぞく）・補足（ほそく）・足音（あしおと）・遠足（えんそく）・足下（あしもと）","足","","","未校正","脚"
"村","1年","6級から","7","ソン","むら","市町村（しちょうそん）・農村（のうそん）・村長（そんちょう）・漁村（ぎょそん）・村落（そんらく）","木","","","未校正",""
"大","1年","6級から","3","ダイ・タイ","おお・おお（きい）・おお（いに）","大学（だいがく）・大変（たいへん）・大臣（だいじん）・最大（さいだい）・大阪（おおさか）","大","","","未校正",""
"男","1年","6級から","7","ダン・ナン","おとこ","男性（だんせい）・男女（だんじょ）・男子（だんし）・長男（ちょうなん）・美男（びなん）","田","","","未校正",""
"竹","1年","6級から","6","チク","たけ","竹林（ちくりん）・松竹梅（しょうちくばい）","竹","","","未校正",""
"中","1年","6級から","4","チュウ・ジュウ","なか","中心（ちゅうしん）・中央（ちゅうおう）・中間（ちゅうかん）・中止（ちゅうし）・背中（せなか）","丨","","","未校正","仲"
"虫","1年","6級から","6","チュウ","むし","幼虫（ようちゅう）・害虫（がいちゅう）・毛虫（けむし）・弱虫（よわむし）・苦虫（にがむし）","虫","","","未校正",""
"町","1年","6級から","7","チョウ","まち","市町村（しちょうそん）・城下町（じょうかまち）・町会（ちょうかい）","田","","","未校正","街"
"天","1年","6級から","4","テン","あめ・あま","天然（てんねん）・天井（てんじょう）・天文学（てんもんがく）・晴天（せいてん）・天地（てんち）","","","","未校正",""
"田","1年","6級から","5","デン","た","水田（すいでん）・油田（ゆでん）・田地（でんち）","田","","","未校正",""
"土","1年","6級から","3","ド・ト","つち","土地（とち）・国土（こくど）・領土（りょうど）・土木（どぼく）・郷土（きょうど）","土","","","未校正",""
"二","1年","6級から","2","ニ","ふた・ふた（つ）","十二月（じゅうにがつ）・二分（にぶん）・一石二鳥（いっせきにちょう）・二重（にじゅう）・二倍（にばい）","二","","","未校正","双"
"日","1年","6級から","4","ニチ・ジツ","ひ・か","今日（きょう）・昨日（きのう）・毎日（まいにち）・明日（あす）・日常（にちじょう）","日","","","未校正",""
"入","1年","6級から","2","ニュウ","いる・い（れる）・はい（る）","導入（どうにゅう）・収入（しゅうにゅう）・入学（にゅうがく）・加入（かにゅう）・入場（にゅうじょう）","入","","","未校正","要る"
"年","1年","6級から","6","ネン","とし","今年（ことし）・昨年（さくねん）・年代（ねんだい）・少年（しょうねん）・来年（らいねん）","","","","未校正",""
"白","1年","6級から","5","ハク・ビャク","しろ・しら・しろ（い）","告白（こくはく）・明白（めいはく）・白黒（しろくろ）・紅白（こうはく）・白米（はくまい）","白","","","未校正",""
"八","1年","6級から","2","ハチ","や・やつ・やっ（つ）・よう","八月（はちがつ）・八方（はっぽう）・八重桜（やえざくら）・八日（ようか）","八","","","未校正",""
"百","1年","6級から","6","ヒャク","","百貨店（ひゃっかてん）・九百（きゅうひゃく）・数百（すうひゃく）・百科全書（ひゃっかぜんしょ）・百分率（ひゃくぶんりつ）","","","","未校正",""
"文","1年","6級から","4","ブン・モン","ふみ","文化（ぶんか）・文字（もじ）・文章（ぶんしょう）・文学（ぶんがく）・文庫（ぶんこ）","文","","","未校正",""
"木","1年","6級から","4","ボク・モク","き・こ","木造（もくぞう）・栃木（とちぎ）・土木（どぼく）・樹木（じゅもく）・植木（うえき）","木","","","未校正",""
"本","1年","6級から","5","ホン","もと","資本（しほん）・本来（ほんらい）・本質（ほんしつ）・本部（ほんぶ）・絵本（えほん）","","","","未校正","下・元・基"
"名","1年","6級から","6","メイ・ミョウ","な","名前（なまえ）・有名（ゆうめい）・署名（しょめい）・氏名（しめい）・無名（むめい）","","","","未校正",""
"目","1年","6級から","5","モク・ボク","め・ま","目的（もくてき）・目標（めじるし）・目次（もくじ）・役目（やくめ）・目前（もくぜん）","目","","","未校正",""
"立","1年","6級から","5","リツ・リュウ","た（つ）・た（てる）","立場（たちば）・独立（どくりつ）・設立（せつりつ）・対立（たいりつ）・私立（しりつ）","立","","","未校正","建つ・建てる"
"力","1年","6級から","2","リョク・リキ","ちから","能力（のうりょく）・努力（どりょく）・協力（きょうりょく）・権力（けんりょく）・圧力（あつりょく）","力","","","未校正",""
"林","1年","6級から","8","リン","はやし","森林（しんりん）・林業（りんぎょう）・山林（さんりん）・竹林（ちくりん）・雑木林（ぞうきばやし）","木","","","未校正",""
"六","1年","6級から","4","ロク","む・むつ・むっ（つ）・むい","六月（ろくがつ）・六法（ろっぽう）・六大州（ろくだいしゅう）・六日（むいか）","","","","未校正",""
"引","2年","6級から","4","イン","ひ（く）・ひ（ける）","引退（いんたい）・強引（ごういん）・引率（いんそつ）・引力（いんりょく）・字引（じびき）","弓","","","未校正","弾く"
"羽","2年","6級から","6","ウ","は・はね","羽毛（うもう）・羽化（うか）・羽衣（はごろも）","羽","","","未校正",""
"雲","2年","6級から","12","ウン","くも","雨雲（あまぐも）・風雲（ふううん）・雲海（うんかい）・積乱雲（せきらんうん）・層雲（そううん）","雨","","","未校正",""
"園","2年","6級から","13","エン","その","公園（こうえん）・庭園（ていえん）・園芸（えんげい）・楽園（らくえん）・花園（はなぞの）","囗","","","未校正",""
"遠","2年","6級から","13","エン・オン","とお（い）","永遠（えいえん）・望遠鏡（ぼうえんきょう）・敬遠（けいえん）・遠足（えんそく）・遠出（とおで）","⻌","辶","","未校正",""
"何","2年","6級から","7","カ","なに・なん","何事（なにごと）・何者（なにもの）・何十（なんじゅう）・何点（なんてん）・何本（なにもと）","亻","人","","未校正",""
"科","2年","6級から","9","カ","","科学（かがく）・歯科（しか）・理科（りか）・教科（きょうか）・外科（げか）","禾","","","未校正",""
"夏","2年","6級から","10","カ・ゲ","なつ","真夏（まなつ）・初夏（しょか）・夏季（かき）・夏至（げし）・常夏（とこなつ）","","","","未校正",""
"家","2年","6級から","10","カ・ケ","いえ・や","家族（かぞく）・国家（こっか）・家庭（かてい）・作家（さっか）・画家（がか）","宀","","","未校正","屋"
"歌","2年","6級から","14","カ","うた・うた（う）","歌詞（かし）・歌声（うたごえ）・短歌（たんか）・歌曲（かきょく）・詩歌（しか）","欠","","","未校正","唄・謡う"
"画","2年","6級から","8","ガ・カク","","映画（えいが）・計画（けいかく）・絵画（かいが）・画家（がか）・画期的（かっきてき）","","","","未校正",""
"回","2年","6級から","6","カイ・エ","まわ（る）・まわ（す）","回答（かいとう）・次回（じかい）・回転（かいてん）・回収（かいしゅう）・転回（てんかい）","囗","","","未校正","周り"
"会","2年","6級から","6","カイ・エ","あ（う）","社会（しゃかい）・会社（かいしゃ）・会議（かいぎ）・機会（きかい）・会場（かいじょう）","人","","","未校正","合う・遭う"
"海","2年","6級から","9","カイ","うみ","海外（かいがい）・海岸（かいがん）・海洋（かいよう）・航海（こうかい）・海水（かいすい）","氵","水","","未校正",""
"絵","2年","6級から","12","カイ・エ","","絵本（えほん）・絵画（かいが）・油絵（あぶらえ）・絵図（えず）・絵馬（えま）","糸","","","未校正",""
"外","2年","6級から","5","ガイ・ゲ","そと・ほか・はず（す）・はず（れる）","外国（がいこく）・海外（かいがい）・例外（れいがい）・外出（がいしゅつ）・除外（じょがい）","夕","","","未校正","他"
"角","2年","6級から","7","カク","かど・つの","角度（かくど）・三角（さんかく）・街角（まちかど）・方角（ほうがく）・四角（しかく）","角","","","未校正",""
"楽","2年","6級から","13","ガク・ラク","たの（しい）・たの（しむ）","音楽（おんがく）・楽器（がっき）・快楽（かいらく）・楽園（らくえん）・洋楽（ようがく）","木","","","未校正",""
"活","2年","6級から","9","カツ","","生活（せいかつ）・活動（かつどう）・復活（ふっかつ）・活力（かつりょく）・活字（かつじ）","氵","水","","未校正",""
"間","2年","6級から","12","カン・ケン","あいだ・ま","時間（じかん）・人間（にんげん）・期間（きかん）・仲間（ちゅうげん）・世間（せけん）","門","","","未校正",""
"丸","2年","6級から","3","ガン","まる・まる（い）・まる（める）","丸太（まるた）・丸木橋（まるきばし）・丸薬（がんやく）","","","","未校正","円い"
"岩","2年","6級から","8","ガン","いわ","岩石（がんせき）・岩場（いわば）・岩塩（がんえん）・火成岩（かせいがん）","山","","","未校正",""
"顔","2年","6級から","18","ガン","かお","顔面（がんめん）・素顔（すがお）・横顔（よこがお）・童顔（どうがん）・厚顔（こうがん）","頁","","","未校正",""
"汽","2年","6級から","7","キ","","汽車（きしゃ）・汽笛（きてき）・汽船（きせん）","氵","水","","未校正",""
"記","2年","6級から","10","キ","しる（す）","記録（きろく）・記入（きにゅう）・記号（きごう）・登記（とうき）・筆記（ひっき）","言","","","未校正",""
"帰","2年","6級から","10","キ","かえ（る）・かえ（す）","帰宅（きたく）・復帰（ふっき）・帰省（きせい）・帰納（きのう）・帰京（ききょう）","","","","未校正","返る・返す"
"弓","2年","6級から","3","キュウ","ゆみ","弓道（きゅうどう）・弓矢（ゆみや）・弓状（きゅうじょう）・洋弓（ようきゅう）","弓","","","未校正",""
"牛","2年","6級から","4","ギュウ","うし","牛乳（ぎゅうにゅう）・牛馬（ぎゅうば）","牛","","","未校正",""
"魚","2年","6級から","11","ギョ","うお・さかな","金魚（きんぎょ）・魚屋（さかなや）・魚類（ぎょるい）・魚市場（うおいちば）","魚","","","未校正",""
"京","2年","6級から","8","キョウ・ケイ","","上京（じょうきょう）・京阪（けいはん）・帰京（ききょう）・京風（きょうふう）","亠","","","未校正",""
"強","2年","6級から","11","キョウ・ゴウ","つよ（い）・つよ（まる）・つよ（める）・し（いる）","勉強（べんきょう）・強引（ごういん）・強要（きょうよう）・強風（きょうふう）・強弱（きょうじゃく）","弓","","","未校正",""
"教","2年","6級から","11","キョウ","おし（える）・おそ（わる）","教育（きょういく）・宗教（しゅうきょう）・教授（きょうじゅ）・教師（きょうし）・教訓（きょうくん）","攵","攴","","未校正",""
"近","2年","6級から","7","キン","ちか（い）","最近（さいきん）・近代（きんだい）・近所（きんじょ）・接近（せっきん）・近道（ちかみち）","⻌","辶","","未校正",""
"兄","2年","6級から","5","ケイ・キョウ","あに","兄弟（きょうだい）・父兄（ふけい）・義兄（ぎけい）・兄事（けいじ）","","","","未校正",""
"形","2年","6級から","7","ケイ・ギョウ","かた・かたち","形式（けいしき）・形成（けいせい）・形態（けいたい）・人形（にんぎょう）・図形（ずけい）","彡","","","未校正","型"
"計","2年","6級から","9","ケイ","はか（る）・はか（らう）","計画（けいかく）・計算（けいさん）・会計（かいけい）・統計（とうけい）・合計（ごうけい）","言","","","未校正","測る・量る・図る・謀る"
"元","2年","6級から","4","ゲン・ガン","もと","元気（げんき）・地元（じもと）・次元（じげん）・元来（がんらい）・元祖（がんそ）","","","","未校正","下・本・基"
"言","2年","6級から","7","ゲン・ゴン","い（う）・こと","言葉（ことば）・宣言（せんげん）・言論（げんろん）・無言（むごん）・遺言（ゆいごん）","言","","","未校正",""
"原","2年","6級から","10","ゲン","はら","原因（げんいん）・原理（げんり）・高原（こうげん）・原型（げんけい）・野原（のはら）","厂","","","未校正",""
"戸","2年","6級から","4","コ","と","井戸（いど）・門戸（もんこ）・雨戸（あまど）・戸外（こがい）・納戸（なんど）","戸","","","未校正",""
"古","2年","6級から","5","コ","ふる（い）・ふるす","古代（こだい）・古典（こてん）・太古（たいこ）・古株（ふるかぶ）・古傷（ふるきず）","","","","未校正",""
"午","2年","6級から","4","ゴ","","午後（ごご）・午前（ごぜん）・正午（しょうご）・子午線（しごせん）","","","","未校正",""
"後","2年","6級から","9","ゴ・コウ","のち・うし（ろ）・あと・おく（れる）","今後（こんご）・午後（ごご）・前後（ぜんご）・以後（いご）・背後（はいご）","彳","","","未校正","跡・痕・遅れる"
"語","2年","6級から","14","ゴ","かた（る）・かた（らう）","物語（ものがたり）・国語（こくご）・語学（ごがく）・落語（らくご）・漢語（かんご）","言","","","未校正",""
"工","2年","6級から","3","コウ・ク","","工場（こうじょう）・工夫（くふう）・加工（かこう）・人工（じんこう）・大工（だいく）","工","","","未校正",""
"公","2年","6級から","4","コウ","おおやけ","公共（こうきょう）・公園（こうえん）・公平（こうへい）・公私（こうし）","八","","","未校正",""
"広","2年","6級から","5","コウ","ひろ（い）・ひろ（まる）・ひろ（める）・ひろ（がる）・ひろ（げる）","広場（ひろば）・広大（こうだい）・広義（こうぎ）・広言（こうげん）","广","","","未校正",""
"交","2年","6級から","6","コウ","まじ（わる）・まじ（える）・ま（じる）・ま（ざる）・ま（ぜる）・かう・か（わす）","交通（こうつう）・交付（こうふ）・交代（こうたい）・交際（こうさい）・社交（しゃこう）","亠","","","未校正","混じる・混ざる・混ぜる"
"光","2年","6級から","6","コウ","ひか（る）・ひかり","観光（かんこう）・光景（こうけい）・栄光（えいこう）・日光（にっこう）・光線（こうせん）","","","","未校正",""
"考","2年","6級から","6","コウ","かんが（える）","参考（さんこう）・思考（しこう）・考察（こうさつ）・備考（びこう）","耂","老","","未校正",""
"行","2年","6級から","6","コウ・ギョウ・アン","い（く）・ゆ（く）・おこな（う）","旅行（りょこう）・行政（ぎょうせい）・銀行（ぎんこう）・流行（りゅうこう）・修行（しゅぎょう）","行","","","未校正","逝く・逝く"
"高","2年","6級から","10","コウ","たか（い）・たか・たか（まる）・たか（める）","最高（さいこう）・高級（こうきゅう）・高原（こうげん）・高層（こうそう）・高山（こうざん）","高","","","未校正",""
"黄","2年","6級から","11","コウ・オウ","き・こ","黄金（おうごん）・卵黄（らんおう）・黄葉（もみじ）","黄","","","未校正",""
"合","2年","6級から","6","ゴウ・ガッ・カッ","あ（う）・あ（わす）・あ（わせる）","試合（しあい）・総合（そうごう）・連合（れんごう）・都合（つごう）・合計（ごうけい）","","","","未校正","会う・遭う・併せる"
"谷","2年","6級から","7","コク","たに","谷川（たにがわ）","谷","","","未校正",""
"国","2年","6級から","8","コク","くに","国民（こくみん）・国際（こくさい）・国家（こっか）・外国（がいこく）・全国（ぜんこく）","囗","","","未校正",""
"黒","2年","6級から","11","コク","くろ・くろ（い）","白黒（しろくろ）・暗黒（あんこく）・黒板（こくばん）・大黒柱（だいこくばしら）・黒白（くろしろ）","黒","黑","","未校正",""
"今","2年","6級から","4","コン・キン","いま","今日（きょう）・今後（こんご）・今年（ことし）・今朝（けさ）・昨今（さっこん）","人","","","未校正",""
"才","2年","6級から","3","サイ","","才能（さいのう）・才覚（さいかく）・才媛（さいえん）","","","","未校正",""
"細","2年","6級から","11","サイ","ほそ（い）・ほそ（る）・こまか・こま（かい）","細工（さいく）・細心（さいしん）・委細（いさい）・貝細工（かいざいく）・細面（ほそおもて）","糸","","","未校正",""
"作","2年","6級から","7","サク・サ","つく（る）","作品（さくひん）・作業（さぎょう）・著作（ちょさく）・操作（そうさ）・作家（さっか）","亻","人","","未校正","造る・創る"
"算","2年","6級から","14","サン","","予算（よさん）・計算（けいさん）・算数（さんすう）・清算（せいさん）","竹","","","未校正",""
"止","2年","6級から","4","シ","と（まる）・と（める）","禁止（きんし）・停止（ていし）・中止（ちゅうし）・休止（きゅうし）・静止（せいし）","止","","","未校正","留まる・泊まる・留める・泊める"
"市","2年","6級から","5","シ","いち","都市（とし）・市民（しみん）・市町村（しちょうそん）・市街（しがい）・市井（しせい）","","","","未校正",""
"矢","2年","6級から","5","シ","や","矢印（やじるし）・弓矢（ゆみや）・矢面（やおもて）","矢","","","未校正",""
"姉","2年","6級から","8","シ","あね","姉妹（しまい）・姉上（あねうえ）・諸姉（しょし）","女","","","未校正",""
"思","2年","6級から","9","シ","おも（う）","思想（しそう）・思考（しこう）・意思（いし）・相思（そうし）","","","","未校正",""
"紙","2年","6級から","10","シ","かみ","用紙（ようし）・紙面（しめん）・新聞紙（しんぶんし）・型紙（かたがみ）・厚紙（あつがみ）","糸","","","未校正",""
"寺","2年","6級から","6","ジ","てら","寺院（じいん）・社寺（しゃじ）・末寺（まつじ）","","","","未校正",""
"自","2年","6級から","6","ジ・シ","みずか（ら）","自分（じぶん）・自由（じゆう）・自然（しぜん）・自己（じこ）・自宅（じたく）","自","","","未校正",""
"時","2年","6級から","10","ジ","とき","時間（じかん）・当時（とうじ）・時刻（じこく）・日時（にちじ）・臨時（りんじ）","日","","","未校正",""
"室","2年","6級から","9","シツ","むろ","室内（しつない）・皇室（こうしつ）・居室（きょしつ）","宀","","","未校正",""
"社","2年","6級から","7","シャ","やしろ","社会（しゃかい）・会社（かいしゃ）・社員（しゃいん）・神社（じんじゃ）・社交（しゃこう）","礻","示","","未校正",""
"弱","2年","6級から","10","ジャク","よわ（い）・よわ（る）・よわ（まる）・よわ（める）","弱点（じゃくてん）・貧弱（ひんじゃく）・強弱（きょうじゃく）・弱小（じゃくしょう）・弱虫（よわむし）","","","","未校正",""
"首","2年","6級から","9","シュ","くび","首相（しゅしょう）・首都（しゅと）・首脳（しゅのう）・首席（しゅせき）・乳首（ちくび）","首","","","未校正",""
"秋","2年","6級から","9","シュウ","あき","秋季（しゅうき）・晩秋（ばんしゅう）・秋分（しゅうぶん）・麦秋（ばくしゅう）","禾","","","未校正",""
"週","2年","6級から","11","シュウ","","週末（しゅうまつ）・週刊（しゅうかん）・毎週（まいしゅう）・再来週（さらいしゅう）","⻌","辶","","未校正",""
"春","2年","6級から","9","シュン","はる","青春（せいしゅん）・春季（しゅんき）・立春（りっしゅん）・暮春（ぼしゅん）・翌春（よくしゅん）","日","","","未校正",""
"書","2年","6級から","10","ショ","か（く）","図書館（としょかん）・読書（どくしょ）・聖書（せいしょ）・辞書（じしょ）・図書（としょ）","","","","未校正","描く"
"少","2年","6級から","4","ショウ","すく（ない）・すこ（し）","少年（しょうねん）・多少（たしょう）・少女（しょうじょ）・減少（げんしょう）・希少（きしょう）","","","","未校正",""
"場","2年","6級から","12","ジョウ","ば","場所（ばしょ）・立場（たちば）・会場（かいじょう）・工場（こうじょう）・劇場（げきじょう）","土","","","未校正",""
"色","2年","6級から","6","ショク・シキ","いろ","特色（とくしょく）・音色（ねいろ）・染色（せんしょく）・茶色（ちゃいろ）・灰色（はいいろ）","色","","","未校正",""
"食","2年","6級から","9","ショク・ジキ","く（う）・く（らう）・た（べる）","食事（しょくじ）・昼食（ちゅうしょく）・朝食（ちょうしょく）・食料（しょくりょう）・飲食（いんしょく）","食","","","未校正",""
"心","2年","6級から","4","シン","こころ","中心（ちゅうしん）・心配（しんぱい）・初心者（しょしんしゃ）・感心（かんしん）・心臓（しんぞう）","心","","","未校正",""
"新","2年","6級から","13","シン","あたら（しい）・あらた・にい","新聞（しんぶん）・新潟（にいがた）・革新（かくしん）・新米（しんまい）・新旧（しんきゅう）","斤","","","未校正",""
"親","2年","6級から","16","シン","おや・した（しい）・した（しむ）","母親（ははおや）・父親（ちちおや）・両親（りょうしん）・親子（おやこ）・親切（しんせつ）","見","","","未校正",""
"図","2年","6級から","7","ズ・ト","はか（る）","図書館（としょかん）・意図（いと）・地図（ちず）・図書（としょ）・図形（ずけい）","囗","","","未校正","計る・測る・量る・謀る"
"数","2年","6級から","13","スウ・ス","かず・かぞ（える）","数字（すうじ）・多数（たすう）・複数（ふくすう）・人数（にんずう）・数値（すうち）","攵","攴","","未校正",""
"西","2年","6級から","6","セイ・サイ","にし","西部（せいぶ）・東西（とうざい）・北西（ほくせい）・西日（にしび）・西国（さいごく）","西","襾","","未校正",""
"声","2年","6級から","7","セイ・ショウ","こえ・こわ","歌声（うたごえ）・名声（めいせい）・声楽（せいがく）・拡声器（かくせいき）・声色（こわいろ）","士","土","","未校正",""
"星","2年","6級から","9","セイ・ショウ","ほし","衛星（えいせい）・星座（せいざ）・流星（りゅうせい）・明星（みょうじょう）・黒星（くろぼし）","日","","","未校正",""
"晴","2年","6級から","12","セイ","は（れる）・は（らす）","快晴（かいせい）・晴天（せいてん）・晴雨（せいう）","日","","","未校正",""
"切","2年","6級から","4","セツ・サイ","き（る）・き（れる）","適切（てきせつ）・一切（いっさい）・親切（しんせつ）・切断（せつだん）・小切手（こぎって）","刀","","","未校正","斬る"
"雪","2年","6級から","11","セツ","ゆき","積雪（せきせつ）・初雪（はつゆき）・降雪（こうせつ）・粉雪（こなゆき）","雨","","","未校正",""
"船","2年","6級から","11","セン","ふね・ふな","造船（ぞうせん）・漁船（ぎょせん）・乗船（じょうせん）・船頭（せんどう）・大船（おおぶね）","舟","","","未校正","舟"
"線","2年","6級から","15","セン","","曲線（きょくせん）・線路（せんろ）・沿線（えんせん）・幹線（かんせん）・光線（こうせん）","糸","","","未校正",""
"前","2年","6級から","9","ゼン","まえ","名前（なまえ）・以前（いぜん）・午前（ごぜん）・前提（ぜんてい）・前後（ぜんご）","","","","未校正",""
"組","2年","6級から","11","ソ","く（む）・くみ","組織（そしき）・番組（ばんぐみ）・組成（そせい）・組長（くみちょう）・改組（かいそ）","糸","","","未校正",""
"走","2年","6級から","7","ソウ","はし（る）","走行（そうこう）・競走（きょうそう）","走","","","未校正",""
"多","2年","6級から","6","タ","おお（い）","多数（たすう）・多少（たしょう）・多岐（たき）・雑多（ざった）・多元（たげん）","夕","","","未校正",""
"太","2年","6級から","4","タイ・タ","ふと（い）・ふと（る）","太陽（たいよう）・皇太子（こうたいし）・丸太（まるた）・太古（たいこ）・皇太后（こうたいごう）","大","","","未校正",""
"体","2年","6級から","7","タイ・テイ","からだ","身体（からだ）・主体（しゅたい）・体系（たいけい）・半導体（はんどうたい）・液体（えきたい）","亻","人","","未校正",""
"台","2年","6級から","5","ダイ・タイ","","台風（たいふう）・台所（だいどころ）・灯台（とうだい）・高台（たかだい）・台地（だいち）","","","","未校正",""
"地","2年","6級から","6","チ・ジ","","地域（ちいき）・地方（ちほう）・地球（ちきゅう）・土地（とち）・地元（じもと）","土","","","未校正",""
"池","2年","6級から","6","チ","いけ","電池（でんち）・古池（ふるいけ）・貯水池（ちょすいち）","氵","水","","未校正",""
"知","2年","6級から","8","チ","し（る）","知識（ちしき）・承知（しょうち）・通知（つうち）・知人（ちじん）・周知（しゅうち）","矢","","","未校正",""
"茶","2年","6級から","9","チャ・サ","","紅茶（こうちゃ）・茶色（ちゃいろ）・緑茶（りょくちゃ）・番茶（ばんちゃ）・茶番劇（ちゃばんげき）","艹","艸","","未校正",""
"昼","2年","6級から","9","チュウ","ひる","昼食（ちゅうしょく）・昼夜（ちゅうや）・真昼（まひる）・白昼（はくちゅう）・夜昼（よるひる）","","","","未校正",""
"長","2年","6級から","8","チョウ","なが（い）","成長（せいちょう）・延長（えんちょう）・長崎（ながさき）・長男（ちょうなん）・長女（ちょうじょ）","長","","","未校正","永い"
"鳥","2年","6級から","11","チョウ","とり","鳥取（とりとり）・小鳥（ことり）・鳥居（とりい）・野鳥（やちょう）・一石二鳥（いっせきにちょう）","鳥","","","未校正",""
"朝","2年","6級から","12","チョウ","あさ","今朝（けさ）・朝日（あさひ）・朝食（ちょうしょく）・早朝（そうちょう）・毎朝（まいあさ）","月","肉","","未校正",""
"直","2年","6級から","8","チョク・ジキ","ただ（ちに）・なお（す）・なお（る）","直接（ちょくせつ）・正直（しょうじき）・直感（ちょっかん）・直径（ちょっけい）・垂直（すいちょく）","","","","未校正","治す・治る"
"通","2年","6級から","10","ツウ・ツ","とお（る）・とお（す）・かよ（う）","通信（つうしん）・共通（きょうつう）・交通（こうつう）・通貨（つうか）・通知（つうち）","⻌","辶","","未校正",""
"弟","2年","6級から","7","テイ・ダイ・デ","おとうと","兄弟（きょうだい）・弟子（でし）・子弟（してい）・義弟（ぎてい）・弟妹（ていまい）","","","","未校正",""
"店","2年","6級から","8","テン","みせ","支店（してん）・開店（かいてん）・本店（ほんてん）・百貨店（ひゃっかてん）・閉店（へいてん）","广","","","未校正",""
"点","2年","6級から","9","テン","","点検（てんけん）・弱点（じゃくてん）・頂点（ちょうてん）・採点（さいてん）・要点（ようてん）","","","","未校正",""
"電","2年","6級から","13","デン","","電車（でんしゃ）・電気（でんき）・発電（はつでん）・電波（でんぱ）・電池（でんち）","雨","","","未校正",""
"刀","2年","6級から","2","トウ","かたな","助太刀（すけだち）・短刀（たんとう）・刀創（とうそう）・名刀（めいとう）","刀","","","未校正",""
"冬","2年","6級から","5","トウ","ふゆ","冬季（とうき）・冬至（とうじ）","","","","未校正",""
"当","2年","6級から","6","トウ","あ（たる）・あ（てる）","当然（とうぜん）・当時（とうじ）・担当（たんとう）・相当（そうとう）・不当（ふとう）","⺌","小","","未校正","宛てる・充てる"
"東","2年","6級から","8","トウ","ひがし","東西（とうざい）・東側（ひがしがわ）・東宮（とうぐう）・以東（いとう）・東国（とうごく）","","","","未校正",""
"答","2年","6級から","12","トウ","こた（える）・こた（え）","回答（かいとう）・答弁（とうべん）・応答（おうとう）・問答（もんどう）","竹","","","未校正","応える"
"頭","2年","6級から","16","トウ・ズ・ト","あたま・かしら","頭痛（ずつう）・頭脳（ずのう）・街頭（がいとう）・頭部（とうぶ）・頭上（ずじょう）","","","","未校正",""
"同","2年","6級から","6","ドウ","おな（じ）","共同（きょうどう）・同一（どういつ）・同盟（どうめい）・合同（ごうどう）・賛同（さんどう）","","","","未校正",""
"道","2年","6級から","12","ドウ・トウ","みち","報道（ほうどう）・道路（どうろ）・鉄道（てつどう）・道具（どうぐ）・道徳（どうとく）","⻌","辶","","未校正",""
"読","2年","6級から","14","ドク・トク・トウ","よ（む）","読書（どくしょ）・朗読（ろうどく）・愛読（あいどく）・音読（おんどく）・読本（とくほん）","言","","","未校正","詠む"
"内","2年","6級から","4","ナイ・ダイ","うち","内容（ないよう）・案内（あんない）・内閣（ないかく）・以内（いない）・室内（しつない）","","","","未校正",""
"南","2年","6級から","9","ナン・ナ","みなみ","南北（なんぼく）・指南（しなん）・南無（なむ）・真南（まみなみ）","十","","","未校正",""
"肉","2年","6級から","6","ニク","","筋肉（きんにく）・肉親（にくしん）・肉類（にくるい）・肉芽（にくが）","肉","","","未校正",""
"馬","2年","6級から","10","バ","うま・ま","競馬（けいば）・馬車（ばしゃ）・乗馬（じょうば）・馬力（ばりき）・絵馬（えま）","馬","","","未校正",""
"売","2年","6級から","7","バイ","う（る）・う（れる）","売買（ばいばい）・商売（しょうばい）・商売敵（しょうばいがたき）・売上高（うりあげだか）・売品（ばいひん）","士","土","","未校正",""
"買","2年","6級から","12","バイ","か（う）","売買（ばいばい）・買収（ばいしゅう）","","","","未校正",""
"麦","2年","6級から","7","バク","むぎ","小麦（こむぎ）・小麦粉（こむぎこ）・麦芽（ばくが）・麦畑（むぎばたけ）・精麦（せいばく）","麦","麥","","未校正",""
"半","2年","6級から","5","ハン","なか（ば）","半分（はんぶん）・大半（たいはん）・半導体（はんどうたい）・半島（はんとう）・半面（はんめん）","","","","未校正",""
"番","2年","6級から","12","バン","","番組（ばんぐみ）・番号（ばんごう）・順番（じゅんばん）・交番（こうばん）・番人（ばんにん）","","","","未校正",""
"父","2年","6級から","4","フ","ちち","父親（ちちおや）・祖父（そふ）・父母（ふぼ）・父兄（ふけい）・亡父（ぼうふ）","父","","","未校正",""
"風","2年","6級から","9","フウ・フ","かぜ・かざ","風景（ふうけい）・台風（たいふう）・風潮（ふうちょう）・風情（ふぜい）・風車（ふうしゃ）","風","","","未校正",""
"分","2年","6級から","4","ブン・フン・ブ","わ（ける）・わ（かれる）・わ（かる）・わ（かつ）","自分（じぶん）・部分（ぶぶん）・分野（ぶんや）・半分（はんぶん）・分類（ぶんるい）","","","","未校正","別れる"
"聞","2年","6級から","14","ブン・モン","き（く）・き（こえる）","新聞（しんぶん）・見聞（けんぶん）・新聞紙（しんぶんし）・前代未聞（ぜんだいみもん）・風聞（ふうぶん）","","","","未校正","聴く"
"米","2年","6級から","6","ベイ・マイ","こめ","米価（べいか）・新米（しんまい）・白米（はくまい）・精米（せいまい）・米作（べいさく）","米","","","未校正",""
"歩","2年","6級から","8","ホ・ブ・フ","ある（く）・あゆ（む）","散歩（さんぽ）・進歩（しんぽ）・徒歩（とほ）・歩道（ほどう）・歩道橋（ほどうきょう）","止","","","未校正",""
"母","2年","6級から","5","ボ","はは","母親（ははおや）・祖母（そぼ）・父母（ふぼ）・母音（ぼいん）・母性（ぼせい）","毋","","","未校正",""
"方","2年","6級から","4","ホウ","かた","方法（ほうほう）・地方（ちほう）・夕方（ゆうがた）・方面（ほうめん）・片方（かたほう）","方","","","未校正",""
"北","2年","6級から","5","ホク","きた","南北（なんぼく）・敗北（はいぼく）・北方（ほっぽう）・北西（ほくせい）・北風（きたかぜ）","匕","","","未校正",""
"毎","2年","6級から","6","マイ","","毎日（まいにち）・毎週（まいしゅう）・毎朝（まいあさ）・毎度（まいど）","毋","","","未校正",""
"妹","2年","6級から","8","マイ","いもうと","姉妹（しまい）・義妹（ぎまい）・弟妹（ていまい）・令妹（れいまい）","女","","","未校正",""
"万","2年","6級から","3","マン・バン","","万全（ばんぜん）・万一（まんいち）・億万（おくまん）・万年筆（まんねんひつ）・千差万別（せんさばんべつ）","一","","","未校正",""
"明","2年","6級から","8","メイ・ミョウ","あ（かり）・あか（るい）・あか（るむ）・あか（らむ）・あきらか・あ（ける）・あ（く）・あくる・あ（かす）","説明（せつめい）・明日（あす）・証明（しょうめい）・発明（はつめい）・判明（はんめい）","日","","","未校正","開ける・空ける・開く・空く"
"鳴","2年","6級から","14","メイ","な（く）・な（る）・な（らす）","悲鳴（ひめい）・鳴動（めいどう）","","","","未校正",""
"毛","2年","6級から","4","モウ","け","不毛（ふもう）・毛皮（けがわ）・羽毛（うもう）・毛糸（けいと）・羊毛（ようもう）","毛","","","未校正",""
"門","2年","6級から","8","モン","かど","専門（せんもん）・門戸（もんこ）・門外漢（もんがいかん）・門下生（もんかせい）・表門（おもてもん）","門","","","未校正",""
"夜","2年","6級から","8","ヤ","よ・よる","深夜（しんや）・昼夜（ちゅうや）・通夜（つや）・夜半（やはん）・月夜（つきよ）","","","","未校正",""
"野","2年","6級から","11","ヤ","の","分野（ぶんや）・野菜（やさい）・野外（やがい）・野原（のはら）・野鳥（やちょう）","里","","","未校正",""
"友","2年","6級から","4","ユウ","とも","友好（ゆうこう）・親友（しんゆう）・友情（ゆうじょう）・幼友達（おさなともだち）","又","","","未校正",""
"用","2年","6級から","5","ヨウ","もち（いる）","使用（しよう）・採用（さいよう）・費用（ひよう）・用意（ようい）・専用（せんよう）","用","","","未校正",""
"曜","2年","6級から","18","ヨウ","","月曜日（げつようび）・日曜（にちよう）・月曜（げつよう）・曜日（ようび）・七曜表（しちようひょう）","日","","","未校正",""
"来","2年","6級から","7","ライ","く（る）・きたる・きた（す）","将来（しょうらい）・本来（ほんらい）・未来（みらい）・来年（らいねん）・出来事（できごと）","","","","未校正",""
"里","2年","6級から","7","リ","さと","郷里（きょうり）・千里眼（せんりがん）・村里（むらざと）・里心（さとごころ）・里程（りてい）","里","","","未校正",""
"理","2年","6級から","11","リ","","管理（かんり）・理解（りかい）・理由（りゆう）・料理（りょうり）・無理（むり）","王","玉","","未校正",""
"話","2年","6級から","13","ワ","はな（す）・はなし","話題（わだい）・会話（かいわ）・談話（だんわ）・童話（どうわ）・昔話（むかしばなし）","言","","","未校正",""
"悪","3年","6級から","11","アク・オ","わる（い）","悪意（あくい）・悪夢（あくむ）・善悪（ぜんあく）・悪者（わるもの）・悪事（あくじ）","","","","未校正",""
"安","3年","6級から","6","アン","やす（い）","安全（あんぜん）・不安（ふあん）・安定（あんてい）・治安（ちあん）・安易（あんい）","宀","","","未校正",""
"暗","3年","6級から","13","アン","くら（い）","暗示（あんじ）・暗黒（あんこく）・明暗（めいあん）・暗幕（あんまく）","日","","","未校正",""
"医","3年","6級から","7","イ","","医師（いし）・医学（いがく）・医者（いしゃ）・名医（めいい）","匸","","","未校正",""
"委","3年","6級から","8","イ","ゆだ（ねる）","委員（いいん）・委任（いにん）・委細（いさい）","","","","未校正",""
"意","3年","6級から","13","イ","","意味（いみ）・意見（いけん）・意識（いしき）・注意（ちゅうい）・用意（ようい）","","","","未校正",""
"育","3年","6級から","8","イク","そだ（つ）・そだ（てる）・はぐく（む）","教育（きょういく）・育児（いくじ）・飼育（しいく）・養育（よういく）・発育（はついく）","","","","未校正",""
"員","3年","6級から","10","イン","","委員（いいん）・社員（しゃいん）・定員（ていいん）・人員（じんいん）・満員（まんいん）","口","","","未校正",""
"院","3年","6級から","10","イン","","病院（びょういん）・寺院（じいん）・議院（ぎいん）・院内（いんない）","⻖","阜","","未校正",""
"飲","3年","6級から","12","イン","の（む）","飲食（いんしょく）・飲料（いんりょう）・飲酒（いんしゅ）・痛飲（つういん）","飠","食","","未校正",""
"運","3年","6級から","12","ウン","はこ（ぶ）","運動（うんどう）・運転（うんてん）・運命（うんめい）・運賃（うんちん）・運輸（うんゆ）","⻌","辶","","未校正",""
"泳","3年","6級から","8","エイ","およ（ぐ）","水泳（すいえい）・競泳（きょうえい）・泳法（えいほう）・背泳（はいえい）","氵","水","","未校正",""
"駅","3年","6級から","14","エキ","","駅伝（えきでん）・駅長（えきちょう）・貨物駅（かもつえき）","馬","","","未校正",""
"央","3年","6級から","5","オウ","","中央（ちゅうおう）","","","","未校正",""
"横","3年","6級から","15","オウ","よこ","横断（おうだん）・横領（おうりょう）・縦横（じゅうおう）・横顔（よこがお）・横暴（おうぼう）","木","","","未校正",""
"屋","3年","6級から","9","オク","や","屋根（やね）・屋上（おくじょう）・家屋（かおく）・屋外（おくがい）・問屋（とんや）","尸","","","未校正","家"
"温","3年","6級から","12","オン","あたたか・あたた（かい）・あたた（まる）・あたた（める）","温泉（おんせん）・気温（きおん）・温暖（おんだん）・温厚（おんこう）","氵","水","","未校正","暖か・暖かい・暖まる・暖める"
"化","3年","6級から","4","カ・ケ","ば（ける）・ば（かす）","文化（ぶんか）・変化（へんか）・化学（かがく）・文化財（ぶんかざい）・化石（かせき）","","","","未校正",""
"荷","3年","6級から","10","カ","に","荷物（にもつ）・出荷（しゅっか）・入荷（にゅうか）・荷役（にやく）・初荷（はつに）","艹","艸","","未校正",""
"界","3年","6級から","9","カイ","","世界（せかい）・限界（げんかい）・境界（きょうかい）","田","","","未校正",""
"開","3年","6級から","12","カイ","ひら（く）・ひら（ける）・あ（く）・あ（ける）","展開（てんかい）・開始（かいし）・開店（かいてん）・開口（かいこう）・開眼（かいがん）","門","","","未校正","空く・明く・空ける・明ける"
"階","3年","6級から","12","カイ","","階級（かいきゅう）・階段（かいだん）・地階（ちかい）","⻖","阜","","未校正",""
"寒","3年","6級から","12","カン","さむ（い）","寒冷（かんれい）・悪寒（おかん）・寒空（さむぞら）・寒暑（かんしょ）・寒村（かんそん）","宀","","","未校正",""
"感","3年","6級から","13","カン","","感謝（かんしゃ）・感覚（かんかく）・感想（かんそう）・感心（かんしん）・感激（かんげき）","心","","","未校正",""
"漢","3年","6級から","13","カン","","漢字（かんじ）・漢語（かんご）・門外漢（もんがいかん）","氵","水","","未校正",""
"館","3年","6級から","16","カン","やかた","図書館（としょかん）・旅館（りょかん）・館内（かんない）","飠","食","","未校正",""
"岸","3年","6級から","8","ガン","きし","海岸（かいがん）・対岸（たいがん）・岸辺（きしべ）・川岸（かわぎし）・右岸（うがん）","山","","","未校正",""
"起","3年","6級から","10","キ","お（きる）・お（こる）・お（こす）","起源（きげん）・起立（きりつ）・奮起（ふんき）・発起（ほっき）","走","","","未校正","興る・興す"
"期","3年","6級から","12","キ・ゴ","","期待（きたい）・期間（きかん）・初期（しょき）・期限（きげん）・延期（えんき）","月","","","未校正",""
"客","3年","6級から","9","キャク・カク","","客観（きゃっかん）・乗客（じょうきゃく）・旅客（りょかく）・客車（きゃくしゃ）・客間（きゃくま）","宀","","","未校正",""
"究","3年","6級から","7","キュウ","きわ（める）","研究（けんきゅう）・究明（きゅうめい）・学究（がっきゅう）","穴","","","未校正","窮める・極める"
"急","3年","6級から","9","キュウ","いそ（ぐ）","急速（きゅうそく）・早急（そうきゅう）・救急（きゅうきゅう）・急務（きゅうむ）・急坂（きゅうはん）","心","","","未校正",""
"級","3年","6級から","9","キュウ","","高級（こうきゅう）・階級（かいきゅう）・上級（じょうきゅう）・等級（とうきゅう）・進級（しんきゅう）","糸","","","未校正",""
"宮","3年","6級から","10","キュウ・グウ・ク","みや","宮崎（みやざき）・宮城（きゅうじょう）・神宮（じんぐう）・宮司（ぐうじ）・東宮（とうぐう）","宀","","","未校正",""
"球","3年","6級から","11","キュウ","たま","地球（ちきゅう）・眼球（がんきゅう）・球技（きゅうぎ）・北半球（きたはんきゅう）・球形（きゅうけい）","王","玉","","未校正","玉・弾"
"去","3年","6級から","5","キョ・コ","さ（る）","過去（かこ）・去年（きょねん）・除去（じょきょ）・去就（きょしゅう）","","","","未校正",""
"橋","3年","6級から","16","キョウ","はし","歩道橋（ほどうきょう）・鉄橋（てっきょう）・陸橋（りっきょう）・丸木橋（まるきばし）","木","","","未校正",""
"業","3年","6級から","13","ギョウ・ゴウ","わざ","作業（さぎょう）・産業（さんぎょう）・営業（えいぎょう）・農業（のうぎょう）・卒業（そつぎょう）","","","","未校正","技"
"曲","3年","6級から","6","キョク","ま（がる）・ま（げる）","曲線（きょくせん）・名曲（めいきょく）・歌曲（かきょく）・曲面（きょくめん）","","","","未校正",""
"局","3年","6級から","7","キョク","","結局（けっきょく）・薬局（やっきょく）・局部（きょくぶ）・時局（じきょく）","尸","","","未校正",""
"銀","3年","6級から","14","ギン","","銀行（ぎんこう）・水銀（すいぎん）・銀貨（ぎんか）","金","","","未校正",""
"区","3年","6級から","4","ク","","地区（ちく）・区別（くべつ）・区域（くいき）・区画（くかく）","匸","","","未校正",""
"苦","3年","6級から","8","ク","くる（しい）・くる（しむ）・くる（しめる）・にが（い）・にがる","苦労（くろう）・苦痛（くつう）・苦戦（くせん）・苦心（くしん）・苦虫（にがむし）","艹","艸","","未校正",""
"具","3年","6級から","8","グ","","道具（どうぐ）・金具（かなぐ）・雨具（あまぐ）・具体的（ぐたいてき）・具備（ぐび）","","","","未校正",""
"君","3年","6級から","7","クン","きみ","諸君（しょくん）・君主（くんしゅ）・君臨（くんりん）・君臣（くんしん）・母君（ははぎみ）","口","","","未校正",""
"係","3年","6級から","9","ケイ","かか（る）・かかり","関係（かんけい）・係員（かかりいん）・係争（けいそう）","亻","人","","未校正","掛かる・掛"
"軽","3年","6級から","12","ケイ","かる（い）・かろやか","軽快（けいかい）・軽率（けいそつ）","車","","","未校正",""
"血","3年","6級から","6","ケツ","ち","血液（けつえき）・血統（けっとう）・鼻血（はなぢ）・血眼（ちまなこ）・血液型（けつえきがた）","血","","","未校正",""
"決","3年","6級から","7","ケツ","き（める）・き（まる）","決定（けってい）・解決（かいけつ）・決意（けつい）・票決（ひょうけつ）","氵","水","","未校正",""
"研","3年","6級から","9","ケン","と（ぐ）","研究（けんきゅう）・研修（けんしゅう）","石","","","未校正",""
"県","3年","6級から","9","ケン","","県立（けんりつ）・県庁（けんちょう）・府県（ふけん）・愛媛県（えひめけん）・茨城県（いばらきけん）","","","","未校正",""
"庫","3年","6級から","10","コ・ク","","文庫（ぶんこ）・倉庫（そうこ）・車庫（しゃこ）・庫裏（くり）","广","","","未校正",""
"湖","3年","6級から","12","コ","みずうみ","湖水（こすい）","氵","水","","未校正",""
"向","3年","6級から","6","コウ","む（く）・む（ける）・む（かう）・む（こう）","向上（こうじょう）・回向（えこう）","","","","未校正",""
"幸","3年","6級から","8","コウ","さいわ（い）・さち・しあわ（せ）","不幸（ふこう）・幸福（こうふく）・行幸（ぎょうこう）","","","","未校正",""
"港","3年","6級から","12","コウ","みなと","空港（くうこう）・漁港（ぎょこう）・寄港（きこう）・出港（しゅっこう）・築港（ちっこう）","氵","水","","未校正",""
"号","3年","6級から","5","ゴウ","","番号（ばんごう）・記号（きごう）・号泣（ごうきゅう）・号外（ごうがい）・号令（ごうれい）","口","","","未校正",""
"根","3年","6級から","10","コン","ね","屋根（やね）・根性（こんじょう）・根幹（こんかん）・根気（こんき）・病根（びょうこん）","木","","","未校正",""
"祭","3年","6級から","11","サイ","まつ（る）・まつ（り）","祭礼（さいれい）・文化祭（ぶんかさい）","示","","","未校正",""
"皿","3年","6級から","5","","さら","灰皿（はいざら）・小皿（こざら）・大皿（おおざら）","皿","","","未校正",""
"仕","3年","6級から","5","シ・ジ","つか（える）","仕事（しごと）・仕業（しわざ）・給仕（きゅうじ）・力仕事（ちからしごと）・出仕（しゅっし）","亻","人","","未校正",""
"死","3年","6級から","6","シ","し（ぬ）","死亡（しぼう）・必死（ひっし）・死角（しかく）・客死（かくし）","歹","","","未校正",""
"使","3年","6級から","8","シ","つか（う）","使用（しよう）・使者（ししゃ）・使役（しえき）","亻","人","","未校正","遣う"
"始","3年","6級から","8","シ","はじ（める）・はじ（まる）","開始（かいし）・年始（ねんし）・始終（しじゅう）","女","","","未校正","初め・初めて"
"指","3年","6級から","9","シ","ゆび・さ（す）","指導（しどう）・指示（しじ）・指揮（しき）・指先（ゆびさき）・指南（しなん）","扌","手","","未校正","差す・刺す・挿す"
"歯","3年","6級から","12","シ","は","歯科（しか）・歯車（はぐるま）・乳歯（にゅうし）・義歯（ぎし）・犬歯（けんし）","歯","齒","","未校正",""
"詩","3年","6級から","13","シ","","詩人（しじん）・詩歌（しか）・詩情（しじょう）","言","","","未校正",""
"次","3年","6級から","6","ジ・シ","つ（ぐ）・つぎ","次第（しだい）・次回（じかい）・目次（もくじ）・次元（じげん）","","","","未校正","継ぐ"
"事","3年","6級から","8","ジ・ズ","こと","仕事（しごと）・事件（じけん）・事務（じむ）・事故（じこ）・食事（しょくじ）","亅","","","未校正",""
"持","3年","6級から","9","ジ","も（つ）","支持（しじ）・持続（じぞく）・持参（じさん）・持久（じきゅう）","扌","手","","未校正",""
"式","3年","6級から","6","シキ","","株式（かぶしき）・形式（けいしき）・様式（ようしき）・式典（しきてん）・数式（すうしき）","弋","","","未校正",""
"実","3年","6級から","8","ジツ","み・みの（る）","実験（じっけん）・実力（じつりょく）・誠実（せいじつ）・忠実（ちゅうじつ）・果実（かじつ）","宀","","","未校正",""
"写","3年","6級から","5","シャ","うつ（す）・うつ（る）","写真（しゃしん）・映写（えいしゃ）・写経（しゃきょう）・写真版（しゃしんばん）","冖","","","未校正","映す・映る"
"者","3年","6級から","8","シャ","もの","若者（わかもの）・医者（いしゃ）・初心者（しょしんしゃ）・第三者（だいさんしゃ）・前者（ぜんしゃ）","耂","老","","未校正",""
"主","3年","6級から","5","シュ・ス","ぬし・おも","主張（しゅちょう）・主体（しゅたい）・主人（しゅじん）・主婦（しゅふ）・主権（しゅけん）","","","","未校正",""
"守","3年","6級から","6","シュ・ス","まも（る）・もり","保守（ほしゅ）・守備（しゅび）・留守（るす）・子守（こもり）・守衛（しゅえい）","宀","","","未校正",""
"取","3年","6級から","8","シュ","と（る）","取材（しゅざい）・鳥取（とりとり）・関取（せきとり）・取捨（しゅしゃ）・鳥取県（とっとりけん）","","","","未校正","採る・執る・捕る"
"酒","3年","6級から","10","シュ","さけ・さか","飲酒（いんしゅ）・酒場（さかば）・酒屋（さかや）・梅酒（うめしゅ）・酒蔵（さかぐら）","","","","未校正",""
"受","3年","6級から","8","ジュ","う（ける）・う（かる）","受験（じゅけん）・受賞（じゅしょう）・受付（うけつけ）","","","","未校正","請ける"
"州","3年","6級から","6","シュウ","す","三角州（さんかくす）・州議会（しゅうぎかい）・中州（なかす）・六大州（ろくだいしゅう）","","","","未校正",""
"拾","3年","6級から","9","シュウ・ジュウ","ひろ（う）","収拾（しゅうしゅう）・拾得（しゅうとく）","扌","手","","未校正",""
"終","3年","6級から","11","シュウ","お（わる）・お（える）","最終（さいしゅう）・終日（しゅうじつ）・始終（しじゅう）・終極（しゅうきょく）","糸","","","未校正",""
"習","3年","6級から","11","シュウ","なら（う）","練習（れんしゅう）・学習（がくしゅう）・習慣（しゅうかん）・習得（しゅうとく）","羽","","","未校正","倣う"
"集","3年","6級から","12","シュウ","あつ（まる）・あつ（める）・つど（う）","編集（へんしゅう）・集団（しゅうだん）・集合（しゅうごう）・集落（しゅうらく）・全集（ぜんしゅう）","隹","","","未校正",""
"住","3年","6級から","7","ジュウ","す（む）・す（まう）","住所（じゅうしょ）・居住（きょじゅう）・住居（じゅうきょ）・安住（あんじゅう）・衣食住（いしょくじゅう）","亻","人","","未校正",""
"重","3年","6級から","9","ジュウ・チョウ","え・おも（い）・かさ（ねる）・かさ（なる）","重要（じゅうよう）・貴重（きちょう）・重大（じゅうだい）・重量（じゅうりょう）・重複（ちょうふく）","","","","未校正",""
"宿","3年","6級から","11","シュク","やど・やど（る）・やど（す）","宿題（しゅくだい）・合宿（がっしゅく）・寄宿舎（きしゅくしゃ）・宿屋（やどや）・寄宿（きしゅく）","宀","","","未校正",""
"所","3年","6級から","8","ショ","ところ","場所（ばしょ）・所得（しょとく）・所有（しょゆう）・近所（きんじょ）・住所（じゅうしょ）","戸","","","未校正",""
"暑","3年","6級から","12","ショ","あつ（い）","残暑（ざんしょ）・寒暑（かんしょ）・暑気（しょき）","日","","","未校正","熱い"
"助","3年","6級から","7","ジョ","たす（ける）・たす（かる）・すけ","救助（きゅうじょ）・助力（じょりょく）・助太刀（すけだち）","力","","","未校正",""
"昭","3年","6級から","9","ショウ","","昭和（しょうわ）","日","","","未校正",""
"消","3年","6級から","10","ショウ","き（える）・け（す）","消費（しょうひ）・消失（しょうしつ）・消息（しょうそく）・消極的（しょうきょくてき）・費消（ひしょう）","氵","水","","未校正",""
"商","3年","6級から","11","ショウ","あきな（う）","商売（しょうばい）・商業（しょうぎょう）・商店街（しょうてんがい）・商売敵（しょうばいがたき）・貿易商（ぼうえきしょう）","","","","未校正",""
"章","3年","6級から","11","ショウ","","文章（ぶんしょう）・憲章（けんしょう）","","","","未校正",""
"勝","3年","6級から","12","ショウ","か（つ）・まさ（る）","勝手（かって）・優勝（ゆうしょう）・勝利（しょうり）・勝負（しょうぶ）・勝敗（しょうはい）","","","","未校正",""
"乗","3年","6級から","9","ジョウ","の（る）・の（せる）","乗客（じょうきゃく）・乗車（じょうしゃ）・便乗（びんじょう）・乗馬（じょうば）・乗船（じょうせん）","丿","","","未校正","載る・載せる"
"植","3年","6級から","12","ショク","う（える）・う（わる）","植物（しょくぶつ）・植木（うえき）・植樹（しょくじゅ）・誤植（ごしょく）","木","","","未校正",""
"申","3年","6級から","5","シン","もう（す）","申告（しんこく）・内申書（ないしんしょ）","","","","未校正",""
"身","3年","6級から","7","シン","み","身体（からだ）・心身（しんしん）・身内（みうち）・単身（たんしん）・親身（しんみ）","身","","","未校正",""
"神","3年","6級から","9","シン・ジン","かみ・かん・こう","精神（せいしん）・神様（かみさま）・神社（じんじゃ）・神経（しんけい）・阪神（はんしん）","礻","示","","未校正",""
"真","3年","6級から","10","シン","ま","写真（しゃしん）・真相（しんそう）・真夏（まなつ）・純真（じゅんしん）・真紅（しんく）","","","","未校正",""
"深","3年","6級から","11","シン","ふか（い）・ふか（まる）・ふか（める）","深刻（しんこく）・深夜（しんや）・水深（すいしん）・深山（みやま）・深紅（しんく）","氵","水","","未校正",""
"進","3年","6級から","11","シン","すす（む）・すす（める）","推進（すいしん）・進歩（しんぽ）・前進（ぜんしん）・行進（こうしん）・精進（しょうじん）","⻌","辶","","未校正","勧める・薦める"
"世","3年","6級から","5","セイ・セ","よ","世界（せかい）・世紀（せいき）・世代（せだい）・世間（せけん）・出世（しゅっせ）","","","","未校正",""
"整","3年","6級から","16","セイ","ととの（える）・ととの（う）","調整（ちょうせい）・整理（せいり）・整列（せいれつ）","","","","未校正","調える・調う"
"昔","3年","6級から","8","セキ・シャク","むかし","昔話（むかしばなし）・今昔（こんじゃく）・昔時（せきじ）・昔日（せきじつ）・昔年（せきねん）","日","","","未校正",""
"全","3年","6級から","6","ゼン","まった（く）・すべ（て）","安全（あんぜん）・完全（かんぜん）・全国（ぜんこく）・全部（ぜんぶ）・万全（ばんぜん）","人","","","未校正",""
"相","3年","6級から","9","ソウ・ショウ","あい","相手（あいて）・相談（そうだん）・相当（そうとう）・首相（しゅしょう）・真相（しんそう）","","","","未校正",""
"送","3年","6級から","9","ソウ","おく（る）","放送（ほうそう）・輸送（ゆそう）・郵送（ゆうそう）・運送（うんそう）・送別（そうべつ）","⻌","辶","","未校正","贈る"
"想","3年","6級から","13","ソウ・ソ","","予想（よそう）・想像（そうぞう）・感想（かんそう）・思想（しそう）・空想（くうそう）","心","","","未校正",""
"息","3年","6級から","10","ソク","いき","一息（ひといき）・休息（きゅうそく）・消息（しょうそく）・子息（しそく）","","","","未校正",""
"速","3年","6級から","10","ソク","はや（い）・はや（める）・はや（まる）・すみやか","速度（そくど）・早速（さっそく）・急速（きゅうそく）・時速（じそく）・秒速（びょうそく）","⻌","辶","","未校正","早い・早める・早まる"
"族","3年","6級から","11","ゾク","","家族（かぞく）・民族（みんぞく）・親族（しんぞく）・一族（いちぞく）","方","","","未校正",""
"他","3年","6級から","5","タ","ほか","他国（たこく）・自他（じた）","亻","人","","未校正","外"
"打","3年","6級から","5","ダ","う（つ）","打破（だは）・乱打（らんだ）","扌","手","","未校正","撃つ・討つ"
"対","3年","6級から","7","タイ・ツイ","","対象（たいしょう）・対策（たいさく）・反対（はんたい）・絶対（ぜったい）・対立（たいりつ）","","","","未校正",""
"待","3年","6級から","9","タイ","ま（つ）","期待（きたい）・招待（しょうたい）・待機（たいき）・接待（せったい）","彳","","","未校正",""
"代","3年","6級から","5","ダイ・タイ","か（わる）・か（える）・よ・しろ","代表（だいひょう）・現代（げんだい）・年代（ねんだい）・世代（せだい）・近代（きんだい）","亻","人","","未校正","換わる・替わる・変わる・換える・替える・変える"
"第","3年","6級から","11","ダイ","","次第（しだい）・第三者（だいさんしゃ）・第一（だいいち）・第一位（だいいちい）","竹","","","未校正",""
"題","3年","6級から","18","ダイ","","問題（もんだい）・話題（わだい）・宿題（しゅくだい）・題名（だいめい）・出題（しゅつだい）","","","","未校正",""
"炭","3年","6級から","9","タン","すみ","石炭（せきたん）・炭鉱（たんこう）・炭火（すみび）・木炭（もくたん）","","","","未校正",""
"短","3年","6級から","12","タン","みじか（い）","短縮（たんしゅく）・短歌（たんか）・短所（たんしょ）・短冊（たんざく）・長短（ちょうたん）","矢","","","未校正",""
"談","3年","6級から","15","ダン","","相談（そうだん）・雑談（ざつだん）・談話（だんわ）・座談（ざだん）・談笑（だんしょう）","言","","","未校正",""
"着","3年","6級から","12","チャク・ジャク","き（る）・き（せる）・つ（く）・つ（ける）","着物（きもの）・着手（ちゃくしゅ）・着用（ちゃくよう）・着陸（ちゃくりく）・愛着（あいちゃく）","","","","未校正","付く・就く・付ける・就ける"
"注","3年","6級から","8","チュウ","そそ（ぐ）","注意（ちゅうい）・発注（はっちゅう）・要注意（ようちゅうい）・注入（ちゅうにゅう）・注視（ちゅうし）","氵","水","","未校正",""
"柱","3年","6級から","9","チュウ","はしら","電柱（でんちゅう）・支柱（しちゅう）・円柱（えんちゅう）・大黒柱（だいこくばしら）","木","","","未校正",""
"丁","3年","6級から","2","チョウ・テイ","","丁字路（ていじろ）・丁数（ちょうすう）・落丁（らくちょう）","一","","","未校正",""
"帳","3年","6級から","11","チョウ","","通帳（つうちょう）・元帳（もとちょう）・帳面（ちょうめん）","巾","","","未校正",""
"調","3年","6級から","15","チョウ","しら（べる）・ととの（う）・ととの（える）","調査（ちょうさ）・調整（ちょうせい）・調達（ちょうたつ）・順調（じゅんちょう）・調和（ちょうわ）","言","","","未校正","整う・整える"
"追","3年","6級から","9","ツイ","お（う）","追加（ついか）・追求（ついきゅう）・追放（ついほう）・追試（ついし）","⻌","辶","","未校正",""
"定","3年","6級から","8","テイ・ジョウ","さだ（める）・さだ（まる）・さだか","固定（こてい）・予定（よてい）・決定（けってい）・安定（あんてい）・否定（ひてい）","宀","","","未校正",""
"庭","3年","6級から","10","テイ","にわ","家庭（かてい）・庭園（ていえん）・中庭（なかにわ）・校庭（こうてい）・庭先（にわさき）","广","","","未校正",""
"笛","3年","6級から","11","テキ","ふえ","口笛（くちぶえ）・汽笛（きてき）・警笛（けいてき）・角笛（つのぶえ）・牧笛（ぼくてき）","竹","","","未校正",""
"鉄","3年","6級から","13","テツ","","鉄道（てつどう）・鉄筋（てっきん）・鉄板（てっぱん）・製鉄（せいてつ）・鉄則（てっそく）","金","","","未校正",""
"転","3年","6級から","11","テン","ころ（がる）・ころ（げる）・ころ（がす）・ころ（ぶ）","運転（うんてん）・回転（かいてん）・移転（いてん）・逆転（ぎゃくてん）・転出（てんしゅつ）","車","","","未校正",""
"都","3年","6級から","11","ト・ツ","みやこ","都市（とし）・都合（つごう）・首都（しゅと）・都会（とかい）・都心（としん）","⻏","邑","","未校正",""
"度","3年","6級から","9","ド・ト・タク","たび","制度（せいど）・程度（ていど）・一度（いちど）・速度（そくど）・再度（さいど）","广","","","未校正",""
"投","3年","6級から","7","トウ","な（げる）","投資（とうし）・投票（とうひょう）・投下（とうか）・暴投（ぼうとう）","扌","手","","未校正",""
"豆","3年","6級から","7","トウ・ズ","まめ","大豆（だいず）・納豆（なっとう）","豆","","","未校正",""
"島","3年","6級から","10","トウ","しま","鹿児島（かごしま）・半島（はんとう）・列島（れっとう）・島国（しまぐに）・島民（とうみん）","","","","未校正",""
"湯","3年","6級から","12","トウ","ゆ","銭湯（せんとう）・熱湯（ねっとう）・湯治（とうじ）・湯水（ゆみず）・産湯（うぶゆ）","氵","水","","未校正",""
"登","3年","6級から","12","トウ・ト","のぼ（る）","登山（とざん）・登校（とうこう）・登記（とうき）・登城（とじょう）","癶","","","未校正","上る・昇る"
"等","3年","6級から","12","トウ","ひと（しい）","平等（びょうどう）・均等（きんとう）・等級（とうきゅう）・等分（とうぶん）・等身大（とうしんだい）","竹","","","未校正",""
"動","3年","6級から","11","ドウ","うご（く）・うご（かす）","活動（かつどう）・運動（うんどう）・動物（どうぶつ）・動作（どうさ）・流動（りゅうどう）","力","","","未校正",""
"童","3年","6級から","12","ドウ","わらべ","児童（じどう）・童話（どうわ）・童顔（どうがん）・童心（どうしん）・童歌（わらべうた）","立","","","未校正",""
"農","3年","6級から","13","ノウ","","農業（のうぎょう）・農村（のうそん）・農耕（のうこう）・農夫（のうふ）・農具（のうぐ）","辰","","","未校正",""
"波","3年","6級から","8","ハ","なみ","電波（でんぱ）","氵","水","","未校正",""
"配","3年","6級から","10","ハイ","くば（る）","心配（しんぱい）・配分（はいぶん）・気配（けはい）・配給（はいきゅう）・交配（こうはい）","酉","","","未校正",""
"倍","3年","6級から","10","バイ","","倍率（ばいりつ）・二倍（にばい）・倍加（ばいか）","亻","人","","未校正",""
"箱","3年","6級から","15","","はこ","箱庭（はこにわ）・小箱（こばこ）・巣箱（すばこ）","竹","","","未校正",""
"畑","3年","6級から","9","","はた・はたけ","畑作（はたさく）・麦畑（むぎばたけ）","","","","未校正",""
"発","3年","6級から","9","ハツ・ホツ","","発表（はっぴょう）・発生（はっせい）・発展（はってん）・発揮（はっき）・発電（はつでん）","癶","","","未校正",""
"反","3年","6級から","4","ハン・ホン・タン","そ（る）・そ（らす）","反対（はんたい）・反省（はんせい）・反映（はんえい）・反乱（はんらん）・反射鏡（はんしゃきょう）","","","","未校正",""
"坂","3年","6級から","7","ハン","さか","坂道（さかみち）・急坂（きゅうはん）","土","","","未校正",""
"板","3年","6級から","8","ハン・バン","いた","看板（かんばん）・黒板（こくばん）・鉄板（てっぱん）・板前（いたまえ）・胸板（むないた）","木","","","未校正",""
"皮","3年","6級から","5","ヒ","かわ","毛皮（けがわ）・皮革（ひかく）・樹皮（じゅひ）・皮相（ひそう）","皮","","","未校正","革"
"悲","3年","6級から","12","ヒ","かな（しい）・かな（しむ）","悲劇（ひげき）・悲鳴（ひめい）・悲喜（ひき）","","","","未校正",""
"美","3年","6級から","9","ビ","うつく（しい）","美術（びじゅつ）・賛美（さんび）・美男（びなん）","⺷","羊","","未校正",""
"鼻","3年","6級から","14","ビ","はな","鼻血（はなぢ）・耳鼻科（じびか）・小鼻（こばな）・鼻音（びおん）・鼻面（はなづら）","鼻","","","未校正",""
"筆","3年","6級から","12","ヒツ","ふで","筆記（ひっき）・万年筆（まんねんひつ）・直筆（じきひつ）・筆舌（ひつぜつ）・筆先（ふでさき）","竹","","","未校正",""
"氷","3年","6級から","5","ヒョウ","こおり・ひ","氷山（ひょうざん）・結氷（けっぴょう）・氷雨（ひさめ）・氷点（ひょうてん）","","","","未校正",""
"表","3年","6級から","8","ヒョウ","おもて・あらわ（す）・あらわ（れる）","代表（だいひょう）・発表（はっぴょう）・表現（ひょうげん）・表面（ひょうめん）・図表（ずひょう）","","","","未校正","面・現す・著す・現れる"
"秒","3年","6級から","9","ビョウ","","秒速（びょうそく）・秒針（びょうしん）・寸秒（すんびょう）","禾","","","未校正",""
"病","3年","6級から","10","ビョウ・ヘイ","や（む）・やまい","病院（びょういん）・病気（びょうき）・看病（かんびょう）・仮病（けびょう）・業病（ごうびょう）","疒","","","未校正",""
"品","3年","6級から","9","ヒン","しな","作品（さくひん）・品物（しなもの）・品種（ひんしゅ）・上品（じょうひん）・手品（てじな）","口","","","未校正",""
"負","3年","6級から","9","フ","ま（ける）・ま（かす）・お（う）","負担（ふたん）・勝負（しょうぶ）・負傷（ふしょう）","貝","","","未校正",""
"部","3年","6級から","11","ブ","","部分（ぶぶん）・全部（ぜんぶ）・本部（ほんぶ）・部隊（ぶたい）・西部（せいぶ）","⻏","邑","","未校正",""
"服","3年","6級から","8","フク","","服装（ふくそう）・洋服（ようふく）・衣服（いふく）・服従（ふくじゅう）・和服（わふく）","月","肉","","未校正",""
"福","3年","6級から","13","フク","","福岡（ふくおか）・幸福（こうふく）・福音（ふくいん）・七福神（しちふくじん）・福岡県（ふくおかけん）","礻","示","","未校正",""
"物","3年","6級から","8","ブツ・モツ","もの","物語（ものがたり）・建物（たてもの）・動物（どうぶつ）・人物（じんぶつ）・物質（ぶっしつ）","牛","","","未校正",""
"平","3年","6級から","5","ヘイ・ビョウ","たいら・ひら","平均（へいきん）・平和（へいわ）・平等（びょうどう）・平日（へいじつ）・公平（こうへい）","","","","未校正",""
"返","3年","6級から","7","ヘン","かえ（す）・かえ（る）","返事（へんじ）・返済（へんさい）・返礼（へんれい）","⻌","辶","","未校正","帰す・帰る"
"勉","3年","6級から","10","ベン","","勉強（べんきょう）・勤勉（きんべん）・勉学（べんがく）","","","","未校正",""
"放","3年","6級から","8","ホウ","はな（す）・はな（つ）・はな（れる）・ほう（る）","放送（ほうそう）・放置（ほうち）・追放（ついほう）","","","","未校正","離す・離れる"
"味","3年","6級から","8","ミ","あじ・あじ（わう）","意味（いみ）・興味（きょうみ）・味覚（みかく）・酸味（さんみ）・後味（あとあじ）","口","","","未校正",""
"命","3年","6級から","8","メイ・ミョウ","いのち","生命（せいめい）・命令（めいれい）・運命（うんめい）・亡命（ぼうめい）","","","","未校正",""
"面","3年","6級から","9","メン","おも・おもて・つら","表面（ひょうめん）・方面（ほうめん）・側面（そくめん）・面積（めんせき）・正面（しょうめん）","面","","","未校正","表"
"問","3年","6級から","11","モン","と（う）・と（い）・とん","問題（もんだい）・質問（しつもん）・疑問（ぎもん）・訪問（ほうもん）・問屋（とんや）","","","","未校正",""
"役","3年","6級から","7","ヤク・エキ","","役所（やくしょ）・役目（やくめ）・役務（えきむ）・兵役（へいえき）・敵役（かたきやく）","彳","","","未校正",""
"薬","3年","6級から","16","ヤク","くすり","薬局（やっきょく）・火薬（かやく）・毒薬（どくやく）・丸薬（がんやく）・劇薬（げきやく）","艹","艸","","未校正",""
"由","3年","6級から","5","ユ・ユウ・ユイ","よし","理由（りゆう）・自由（じゆう）・経由（けいゆ）・由来（ゆらい）・事由（じゆう）","","","","未校正",""
"油","3年","6級から","8","ユ","あぶら","石油（せきゆ）・油田（ゆでん）・油絵（あぶらえ）・揮発油（きはつゆ）・水油（みずあぶら）","氵","水","","未校正","脂"
"有","3年","6級から","6","ユウ・ウ","あ（る）","有名（ゆうめい）・所有（しょゆう）・固有（こゆう）・有無（うむ）・特有（とくゆう）","月","肉","","未校正","在る"
"遊","3年","6級から","12","ユウ・ユ","あそ（ぶ）","遊牧（ゆうぼく）・交遊（こうゆう）・遊説（ゆうぜい）・遊山（ゆさん）","⻌","辶","","未校正",""
"予","3年","6級から","4","ヨ","","予定（よてい）・予算（よさん）・予想（よそう）・予防（よぼう）・予備（よび）","亅","","","未校正",""
"羊","3年","6級から","6","ヨウ","ひつじ","羊毛（ようもう）・牧羊（ぼくよう）・綿羊（めんよう）","羊","","","未校正",""
"洋","3年","6級から","9","ヨウ","","海洋（かいよう）・洋服（ようふく）・洋楽（ようがく）・洋風（ようふう）・洋弓（ようきゅう）","氵","水","","未校正",""
"葉","3年","6級から","12","ヨウ","は","言葉（ことば）・紅葉（もみじ）・枝葉（えだは）・落葉（おちば）・黄葉（もみじ）","艹","艸","","未校正",""
"陽","3年","6級から","12","ヨウ","","太陽（たいよう）・陽光（ようこう）","⻖","阜","","未校正",""
"様","3年","6級から","14","ヨウ","さま","様子（ようす）・模様（もよう）・神様（かみさま）・様式（ようしき）・宮様（みやさま）","木","","","未校正",""
"落","3年","6級から","12","ラク","お（ちる）・お（とす）","集落（しゅうらく）・落語（らくご）・落下（らっか）・段落（だんらく）・村落（そんらく）","艹","艸","","未校正",""
"流","3年","6級から","10","リュウ・ル","なが（れる）・なが（す）","流行（りゅうこう）・流動（りゅうどう）・電流（でんりゅう）・潮流（ちょうりゅう）・下流（かりゅう）","氵","水","","未校正",""
"旅","3年","6級から","10","リョ","たび","旅行（りょこう）・旅館（りょかん）・旅人（たびびと）・旅費（りょひ）・旅客（りょかく）","方","","","未校正",""
"両","3年","6級から","6","リョウ","","両親（りょうしん）・両立（りょうりつ）・千両（せんりょう）","一","","","未校正",""
"緑","3年","6級から","14","リョク・ロク","みどり","緑茶（りょくちゃ）・新緑（しんりょく）・葉緑素（ようりょくそ）・緑青（ろくしょう）","糸","","","未校正",""
"礼","3年","6級から","5","レイ・ライ","","礼拝（れいはい）・無礼（ぶれい）・謝礼（しゃれい）・礼賛（らいさん）・祭礼（さいれい）","礻","示","","未校正",""
"列","3年","6級から","6","レツ","","列車（れっしゃ）・系列（けいれつ）・行列（ぎょうれつ）・列島（れっとう）・並列（へいれつ）","","","","未校正",""
"練","3年","6級から","14","レン","ね（る）","練習（れんしゅう）・訓練（くんれん）・洗練（せんれん）・試練（しれん）・熟練（じゅくれん）","糸","","","未校正",""
"路","3年","6級から","13","ロ","じ","道路（どうろ）・路上（ろじょう）・線路（せんろ）・迷路（めいろ）・家路（いえじ）","足","","","未校正",""
"和","3年","6級から","8","ワ・オ","やわ（らぐ）・やわ（らげる）・なご（む）・なごやか","昭和（しょうわ）・平和（へいわ）・調和（ちょうわ）・和解（わかい）・和服（わふく）","","","","未校正",""
"愛","4年","6級から","13","アイ","","愛情（あいじょう）・愛媛（えひめ）・愛着（あいちゃく）・愛読（あいどく）・愛犬（あいけん）","","","","未校正",""
"案","4年","6級から","10","アン","","提案（ていあん）・案内（あんない）・立案（りつあん）・草案（そうあん）・新案（しんあん）","","","","未校正",""
"以","4年","6級から","5","イ","","以上（いじょう）・以前（いぜん）・以内（いない）・以後（いご）・以東（いとう）","人","","","未校正",""
"衣","4年","6級から","6","イ","ころも","衣装（いしょう）・衣服（いふく）・衣食住（いしょくじゅう）・羽衣（はごろも）・作業衣（さぎょうい）","衣","","","未校正",""
"位","4年","6級から","7","イ","くらい","位置（いち）・単位（たんい）・各位（かくい）・第一位（だいいちい）","亻","人","","未校正",""
"茨","4年","6級から","9","","いばら","茨城（いばらき）・茨城県（いばらきけん）","艹","艸","","未校正",""
"印","4年","6級から","6","イン","しるし","印象（いんしょう）・印刷（いんさつ）・矢印（やじるし）・目印（めじるし）・調印（ちょういん）","","","","未校正",""
"英","4年","6級から","8","エイ","","英断（えいだん）","艹","艸","","未校正",""
"栄","4年","6級から","9","エイ","さか（える）・はえ・は（える）","栄養（えいよう）・栄光（えいこう）","木","","","未校正","映え・映える"
"媛","4年","6級から","12","エン","","愛媛（えひめ）・愛媛県（えひめけん）・才媛（さいえん）","女","","","未校正",""
"塩","4年","6級から","13","エン","しお","塩分（えんぶん）・塩味（しおあじ）・食塩（しょくえん）・岩塩（がんえん）・塩酸（えんさん）","土","","","未校正",""
"岡","4年","6級から","8","","おか","福岡（ふくおか）・静岡（しずおか）・岡山（おかやま）・岡山県（おかやまけん）・静岡県（しずおかけん）","","","","未校正",""
"億","4年","6級から","15","オク","","億万（おくまん）・一億（いちおく）・億兆（おくちょう）","亻","人","","未校正",""
"加","4年","6級から","5","カ","くわ（える）・くわ（わる）","参加（さんか）・追加（ついか）・増加（ぞうか）・加工（かこう）・加入（かにゅう）","力","","","未校正",""
"果","4年","6級から","8","カ","は（たす）・は（てる）・は（て）","結果（けっか）・効果（こうか）・因果（いんが）・果実（かじつ）・果断（かだん）","","","","未校正",""
"貨","4年","6級から","11","カ","","通貨（つうか）・貨物（かもつ）・百貨店（ひゃっかてん）・銀貨（ぎんか）・貨物駅（かもつえき）","貝","","","未校正",""
"課","4年","6級から","15","カ","","日課（にっか）","言","","","未校正",""
"芽","4年","6級から","8","ガ","め","発芽（はつが）・新芽（しんめ）・麦芽（ばくが）・肉芽（にくが）","艹","艸","","未校正",""
"賀","4年","6級から","12","ガ","","滋賀（しが）・祝賀（しゅくが）・賀状（がじょう）・滋賀県（しがけん）","貝","","","未校正",""
"改","4年","6級から","7","カイ","あらた（める）・あらた（まる）","改革（かいかく）・改造（かいぞう）・改修（かいしゅう）・改築（かいちく）・改宗（かいしゅう）","","","","未校正",""
"械","4年","6級から","11","カイ","","機械（きかい）","木","","","未校正",""
"害","4年","6級から","10","ガイ","","障害（しょうがい）・災害（さいがい）・損害（そんがい）・傷害（しょうがい）・危害（きがい）","宀","","","未校正",""
"街","4年","6級から","12","ガイ・カイ","まち","街道（かいどう）・市街（しがい）・街頭（がいとう）・街角（まちかど）・街路樹（がいろじゅ）","","","","未校正","町"
"各","4年","6級から","6","カク","おのおの","各種（かくしゅ）・各自（かくじ）・各省（かくしょう）・各位（かくい）","","","","未校正",""
"覚","4年","6級から","12","カク","おぼ（える）・さ（ます）・さ（める）","感覚（かんかく）・視覚（しかく）・発覚（はっかく）・知覚（ちかく）・味覚（みかく）","見","","","未校正",""
"潟","4年","6級から","15","","かた","新潟（にいがた）・干潟（ひがた）","氵","水","","未校正",""
"完","4年","6級から","7","カン","","完全（かんぜん）・完成（かんせい）・未完（みかん）","宀","","","未校正",""
"官","4年","6級から","8","カン","","官庁（かんちょう）・教官（きょうかん）・士官（しかん）・官能（かんのう）・官憲（かんけん）","宀","","","未校正",""
"管","4年","6級から","14","カン","くだ","管理（かんり）・管制（かんせい）・鉄管（てっかん）・毛細管（もうさいかん）","竹","","","未校正",""
"関","4年","6級から","14","カン","せき・かか（わる）","関係（かんけい）・関連（かんれん）・関節（かんせつ）・関税（かんぜい）・関取（せきとり）","門","","","未校正",""
"観","4年","6級から","18","カン","","観光（かんこう）・観察（かんさつ）・客観（きゃっかん）・観覧（かんらん）・観桜（かんおう）","見","","","未校正",""
"願","4年","6級から","19","ガン","ねが（う）","願望（がんぼう）・念願（ねんがん）・志願（しがん）","","","","未校正",""
"岐","4年","6級から","7","キ","","岐阜（ぎふ）・多岐（たき）・分岐（ぶんき）・岐路（きろ）・岐阜県（ぎふけん）","山","","","未校正",""
"希","4年","6級から","7","キ","","希望（きぼう）・希少（きしょう）","巾","","","未校正",""
"季","4年","6級から","8","キ","","季節（きせつ）・四季（しき）・冬季（とうき）・夏季（かき）・春季（しゅんき）","","","","未校正",""
"旗","4年","6級から","14","キ","はた","国旗（こっき）・旗手（きしゅ）・旗色（はたいろ）・旗頭（はたがしら）・旗本（はたもと）","方","","","未校正",""
"器","4年","6級から","15","キ","うつわ","楽器（がっき）・兵器（へいき）・容器（ようき）・臓器（ぞうき）・器用（きよう）","口","","","未校正",""
"機","4年","6級から","16","キ","はた","機会（きかい）・機械（きかい）・危機（きき）・待機（たいき）・織機（しょっき）","木","","","未校正",""
"議","4年","6級から","20","ギ","","議論（ぎろん）・会議（かいぎ）・異議（いぎ）・閣議（かくぎ）・争議（そうぎ）","言","","","未校正",""
"求","4年","6級から","7","キュウ","もと（める）","要求（ようきゅう）・追求（ついきゅう）・探求（たんきゅう）・求職（きゅうしょく）","","","","未校正",""
"泣","4年","6級から","8","キュウ","な（く）","号泣（ごうきゅう）・感泣（かんきゅう）","氵","水","","未校正",""
"給","4年","6級から","12","キュウ","","供給（きょうきゅう）・給付（きゅうふ）・配給（はいきゅう）・月給（げっきゅう）・給水（きゅうすい）","糸","","","未校正",""
"挙","4年","6級から","10","キョ","あ（げる）・あ（がる）","選挙（せんきょ）・挙手（きょしゅ）・枚挙（まいきょ）・挙国（きょこく）","手","","","未校正","上げる・揚げる・上がる・揚がる"
"漁","4年","6級から","14","ギョ・リョウ","","漁業（ぎょぎょう）・漁師（りょうし）・漁船（ぎょせん）・漁港（ぎょこう）・漁村（ぎょそん）","氵","水","","未校正",""
"共","4年","6級から","6","キョウ","とも","共通（きょうつう）・共同（きょうどう）・公共（こうきょう）・共犯（きょうはん）","八","","","未校正",""
"協","4年","6級から","8","キョウ","","協力（きょうりょく）・協会（きょうかい）","十","","","未校正",""
"鏡","4年","6級から","19","キョウ","かがみ","望遠鏡（ぼうえんきょう）・鏡台（きょうだい）・反射鏡（はんしゃきょう）","金","","","未校正",""
"競","4年","6級から","20","キョウ・ケイ","きそ（う）・せ（る）","競争（きょうそう）・競馬（けいば）・競技（きょうぎ）・競走（きょうそう）・競輪（けいりん）","立","","","未校正",""
"極","4年","6級から","12","キョク・ゴク","きわ（める）・きわまる・きわみ","極限（きょくげん）・極秘（ごくひ）・至極（しごく）・極上（ごくじょう）・終極（しゅうきょく）","木","","","未校正","究める・窮める・窮まる"
"熊","4年","6級から","14","","くま","熊本（くまもと）・小熊（こぐま）","灬","火","","未校正",""
"訓","4年","6級から","10","クン","","訓練（くんれん）・教訓（きょうくん）・音訓（おんくん）","言","","","未校正",""
"軍","4年","6級から","9","グン","","軍隊（ぐんたい）・空軍（くうぐん）・軍備（ぐんび）","","","","未校正",""
"郡","4年","6級から","10","グン","","郡部（ぐんぶ）","⻏","邑","","未校正",""
"群","4年","6級から","13","グン","む（れる）・む（れ）・むら","大群（たいぐん）・群青（ぐんじょう）・群居（ぐんきょ）・群千鳥（むらちどり）","羊","","","未校正",""
"径","4年","6級から","8","ケイ","","直径（ちょっけい）・直情径行（ちょくじょうけいこう）","彳","","","未校正",""
"景","4年","6級から","12","ケイ","","背景（はいけい）・風景（ふうけい）・景気（けいき）・光景（こうけい）","日","","","未校正",""
"芸","4年","6級から","7","ゲイ","","芸術（げいじゅつ）・芸能（げいのう）・文芸（ぶんげい）・園芸（えんげい）・腹芸（はらげい）","艹","艸","","未校正",""
"欠","4年","6級から","4","ケツ","か（ける）・か（く）","補欠（ほけつ）・欠席（けっせき）・欠損（けっそん）","欠","","","未校正",""
"結","4年","6級から","12","ケツ","むす（ぶ）・ゆ（う）・ゆ（わえる）","結果（けっか）・結局（けっきょく）・結構（けっこう）・結論（けつろん）・結合（けつごう）","糸","","","未校正",""
"建","4年","6級から","9","ケン・コン","た（てる）・た（つ）","建築（けんちく）・建設（けんせつ）・建物（たてもの）・建立（こんりゅう）・建議（けんぎ）","廴","","","未校正","立てる・立つ"
"健","4年","6級から","11","ケン","すこやか","健康（けんこう）・強健（きょうけん）","亻","人","","未校正",""
"験","4年","6級から","18","ケン・ゲン","","経験（けいけん）・試験（しけん）・実験（じっけん）・受験（じゅけん）","馬","","","未校正",""
"固","4年","6級から","8","コ","かた（める）・かた（まる）・かた（い）","固定（こてい）・固有（こゆう）","囗","","","未校正","堅い・硬い"
"功","4年","6級から","5","コウ・ク","","成功（せいこう）・功績（こうせき）・功名（こうみょう）・功徳（くどく）","","","","未校正",""
"好","4年","6級から","6","コウ","この（む）・す（く）","友好（ゆうこう）・好調（こうちょう）・好意（こうい）・良好（りょうこう）・好悪（こうお）","女","","","未校正",""
"香","4年","6級から","9","コウ・キョウ","か・かお（り）・かお（る）","香水（こうすい）・線香（せんこう）・香気（こうき）・香車（きょうしゃ）・色香（いろか）","香","","","未校正","薫り・薫る"
"候","4年","6級から","10","コウ","そうろう","候補（こうほ）・気候（きこう）・兆候（ちょうこう）・居候（いそうろう）・候文（そうろうぶん）","亻","人","","未校正",""
"康","4年","6級から","11","コウ","","健康（けんこう）・小康（しょうこう）","广","","","未校正",""
"佐","4年","6級から","7","サ","","補佐（ほさ）・大佐（たいさ）・佐幕（さばく）","亻","人","","未校正",""
"差","4年","6級から","10","サ","さ（す）","差別（さべつ）・差異（さい）・誤差（ごさ）・千差万別（せんさばんべつ）","","","","未校正","刺す・指す・挿す"
"菜","4年","6級から","11","サイ","な","野菜（やさい）・菜園（さいえん）・菜食（さいしょく）・菜種（なたね）・青菜（あおな）","艹","艸","","未校正",""
"最","4年","6級から","12","サイ","もっと（も）","最近（さいきん）・最初（さいしょ）・最終（さいしゅう）・最大（さいだい）・最高（さいこう）","日","曰","","未校正",""
"埼","4年","6級から","11","","さい","埼玉（さいたま）・埼玉県（さいたまけん）","土","","","未校正",""
"材","4年","6級から","7","ザイ","","取材（しゅざい）・人材（じんざい）・材料（ざいりょう）・素材（そざい）・材木（ざいもく）","木","","","未校正",""
"崎","4年","6級から","11","","さき","宮崎（みやざき）・長崎（ながさき）・川崎（かわさき）","山","","","未校正",""
"昨","4年","6級から","9","サク","","昨日（きのう）・昨年（さくねん）・昨今（さっこん）・一昨日（おととい）","日","","","未校正",""
"札","4年","6級から","5","サツ","ふだ","入札（にゅうさつ）・名札（なふだ）・表札（ひょうさつ）","木","","","未校正",""
"刷","4年","6級から","8","サツ","す（る）","印刷（いんさつ）・刷新（さっしん）・増刷（ぞうさつ）","","","","未校正",""
"察","4年","6級から","14","サツ","","警察（けいさつ）・観察（かんさつ）・考察（こうさつ）・察知（さっち）・査察（ささつ）","宀","","","未校正",""
"参","4年","6級から","8","サン","まい（る）","参加（さんか）・参考（さんこう）・持参（じさん）・降参（こうさん）・参内（さんだい）","厶","","","未校正",""
"産","4年","6級から","11","サン","う（む）・う（まれる）・うぶ","生産（せいさん）・産業（さんぎょう）・財産（ざいさん）・出産（しゅっさん）・遺産（いさん）","","","","未校正","生む・生まれる"
"散","4年","6級から","12","サン","ち（る）・ち（らす）・ち（らかす）・ち（らかる）","散歩（さんぽ）・解散（かいさん）・散文（さんぶん）","攵","攴","","未校正",""
"残","4年","6級から","10","ザン","のこ（る）・のこ（す）","残念（ざんねん）・残留（ざんりゅう）・残余（ざんよ）・残暑（ざんしょ）・敗残（はいざん）","歹","","","未校正",""
"氏","4年","6級から","4","シ","うじ","氏名（しめい）・氏神（うじがみ）","氏","","","未校正",""
"司","4年","6級から","5","シ","","上司（じょうし）・司会（しかい）・司令（しれい）・宮司（ぐうじ）","口","","","未校正",""
"試","4年","6級から","13","シ","こころ（みる）・ため（す）","試合（しあい）・試験（しけん）・試練（しれん）・試作（しさく）・追試（ついし）","言","","","未校正",""
"児","4年","6級から","7","ジ・ニ","","児童（じどう）・育児（いくじ）・幼児（おさなご）・鹿児島（かごしま）・小児科（しょうにか）","儿","八","","未校正",""
"治","4年","6級から","8","ジ・チ","おさ（める）・おさ（まる）・なお（る）・なお（す）","政治（せいじ）・自治（じち）・治安（ちあん）・治水（ちすい）・湯治（とうじ）","氵","水","","未校正","修める・修まる・直る・直す"
"滋","4年","6級から","12","ジ","","滋賀（しが）・滋養（じよう）・滋賀県（しがけん）・滋味（じみ）","氵","水","","未校正",""
"辞","4年","6級から","13","ジ","や（める）","辞書（じしょ）・辞職（じしょく）・式辞（しきじ）","","","","未校正",""
"鹿","4年","6級から","11","","しか・か","鹿児島（かごしま）・鹿児島県（かごしまけん）","鹿","","","未校正",""
"失","4年","6級から","5","シツ","うしな（う）","失敗（しっぱい）・損失（そんしつ）・失望（しつぼう）・過失（かしつ）・消失（しょうしつ）","","","","未校正",""
"借","4年","6級から","10","シャク","か（りる）","借金（しゃっきん）・借家（しゃくや）・貸借（たいしゃく）・借用（しゃくよう）","亻","人","","未校正",""
"種","4年","6級から","14","シュ","たね","種類（しゅるい）・各種（かくしゅ）・人種（じんしゅ）・品種（ひんしゅ）・菜種（なたね）","禾","","","未校正",""
"周","4年","6級から","8","シュウ","まわ（り）","周辺（しゅうへん）・周囲（しゅうい）・周知（しゅうち）・円周（えんしゅう）","","","","未校正","回り"
"祝","4年","6級から","9","シュク・シュウ","いわ（う）","祝日（しゅくじつ）・祝賀（しゅくが）・祝言（しゅうげん）","礻","示","","未校正",""
"順","4年","6級から","12","ジュン","","順番（じゅんばん）・順調（じゅんちょう）・順序（じゅんじょ）・従順（じゅうじゅん）・順逆（じゅんぎゃく）","","","","未校正",""
"初","4年","6級から","7","ショ","はじ（め）・はじめて・はつ・うい・そめる","最初（さいしょ）・初期（しょき）・初心者（しょしんしゃ）・初夏（しょか）・初雪（はつゆき）","","","","未校正","始め"
"松","4年","6級から","8","ショウ","まつ","松原（まつばら）・松林（まつばやし）・松竹梅（しょうちくばい）・白砂青松（はくしゃせいしょう）・門松（かどまつ）","木","","","未校正",""
"笑","4年","6級から","10","ショウ","わら（う）・えむ","談笑（だんしょう）・笑覧（しょうらん）","竹","","","未校正",""
"唱","4年","6級から","11","ショウ","とな（える）","合唱（がっしょう）・提唱（ていしょう）・唱歌（しょうか）","口","","","未校正",""
"焼","4年","6級から","12","ショウ","や（く）・や（ける）","燃焼（ねんしょう）・全焼（ぜんしょう）","火","","","未校正",""
"照","4年","6級から","13","ショウ","て（る）・て（らす）・て（れる）","照明（しょうめい）・照会（しょうかい）・対照的（たいしょうてき）","灬","火","","未校正",""
"城","4年","6級から","9","ジョウ","しろ","茨城（いばらき）・宮城（きゅうじょう）・城内（じょうない）・城下町（じょうかまち）・茨城県（いばらきけん）","土","","","未校正",""
"縄","4年","6級から","15","ジョウ","なわ","縄文（じょうもん）・縄張（なわばり）","糸","","","未校正",""
"臣","4年","6級から","7","シン・ジン","","大臣（だいじん）・臣下（しんか）・君臣（くんしん）","臣","","","未校正",""
"信","4年","6級から","9","シン","","通信（つうしん）・信用（しんよう）・信念（しんねん）・信徒（しんと）","亻","人","","未校正",""
"井","4年","6級から","4","セイ・ショウ","い","天井（てんじょう）・井戸（いど）・市井（しせい）・油井（ゆせい）","","","","未校正",""
"成","4年","6級から","6","セイ・ジョウ","な（る）・な（す）","成功（せいこう）・成長（せいちょう）・完成（かんせい）・形成（けいせい）・賛成（さんせい）","戈","","","未校正",""
"省","4年","6級から","9","セイ・ショウ","かえり（みる）・はぶ（く）","反省（はんせい）・省略（しょうりゃく）・帰省（きせい）・各省（かくしょう）・内省（ないせい）","","","","未校正","顧みる"
"清","4年","6級から","11","セイ・ショウ","きよ（い）・きよ（まる）・きよ（める）","清潔（せいけつ）・清算（せいさん）・清貧（せいひん）","氵","水","","未校正",""
"静","4年","6級から","14","セイ・ジョウ","しず・しずか・しず（まる）・しず（める）","静岡（しずおか）・静止（せいし）・静脈（じょうみゃく）・安静（あんせい）・静岡県（しずおかけん）","青","","","未校正","鎮まる・鎮める・沈める"
"席","4年","6級から","10","セキ","","出席（しゅっせき）・座席（ざせき）・欠席（けっせき）・首席（しゅせき）・席上（せきじょう）","","","","未校正",""
"積","4年","6級から","16","セキ","つ（む）・つ（もる）","面積（めんせき）・積雪（せきせつ）・沖積層（ちゅうせきそう）・見積書（みつもりしょ）・積極的（せっきょくてき）","禾","","","未校正",""
"折","4年","6級から","7","セツ","お（る）・おり・お（れる）","右折（うせつ）","扌","手","","未校正",""
"節","4年","6級から","13","セツ・セチ","ふし","季節（きせつ）・節約（せつやく）・関節（かんせつ）・節句（せっく）・節操（せっそう）","竹","","","未校正",""
"説","4年","6級から","14","セツ・ゼイ","と（く）","説明（せつめい）・小説（しょうせつ）・演説（えんぜつ）・遊説（ゆうぜい）","言","","","未校正",""
"浅","4年","6級から","9","セン","あさ（い）","遠浅（とおあさ）・深浅（しんせん）・浅学（せんがく）","氵","水","","未校正",""
"戦","4年","6級から","13","セン","いくさ・たたか（う）","戦争（せんそう）・合戦（かっせん）・苦戦（くせん）・論戦（ろんせん）・乱戦（らんせん）","戈","","","未校正","闘う"
"選","4年","6級から","15","セン","えら（ぶ）","選手（せんしゅ）・選挙（せんきょ）・当選（とうせん）・再選（さいせん）","⻌","辶","","未校正",""
"然","4年","6級から","12","ゼン・ネン","","自然（しぜん）・当然（とうぜん）・天然（てんねん）・必然（ひつぜん）","灬","火","","未校正",""
"争","4年","6級から","6","ソウ","あらそ（う）","戦争（せんそう）・競争（きょうそう）・争議（そうぎ）・係争（けいそう）","","","","未校正",""
"倉","4年","6級から","10","ソウ","くら","倉庫（そうこ）・穀倉（こくそう）","人","","","未校正","蔵"
"巣","4年","6級から","11","ソウ","す","卵巣（らんそう）・営巣（えいそう）・巣箱（すばこ）・病巣（びょうそう）","","","","未校正",""
"束","4年","6級から","7","ソク","たば","約束（やくそく）・結束（けっそく）・花束（はなたば）・装束（しょうぞく）","","","","未校正",""
"側","4年","6級から","11","ソク","がわ","側面（そくめん）・内側（うちがわ）・裏側（うらがわ）・東側（ひがしがわ）・側近（そっきん）","亻","人","","未校正",""
"続","4年","6級から","13","ゾク","つづ（く）・つづ（ける）","連続（れんぞく）・持続（じぞく）・存続（そんぞく）・続出（ぞくしゅつ）・続行（ぞっこう）","糸","","","未校正",""
"卒","4年","6級から","8","ソツ","","卒業（そつぎょう）・卒中（そっちゅう）・兵卒（へいそつ）","","","","未校正",""
"孫","4年","6級から","10","ソン","まご","子孫（しそん）","子","","","未校正",""
"帯","4年","6級から","10","タイ","お（びる）・おび","地帯（ちたい）・連帯（れんたい）・角帯（かくおび）","巾","","","未校正",""
"隊","4年","6級から","12","タイ","","部隊（ぶたい）・軍隊（ぐんたい）・兵隊（へいたい）・隊列（たいれつ）・楽隊（がくたい）","⻖","阜","","未校正",""
"達","4年","6級から","12","タツ","","調達（ちょうたつ）・伝達（でんたつ）・達人（たつじん）・幼友達（おさなともだち）","⻌","辶","","未校正",""
"単","4年","6級から","9","タン","","簡単（かんたん）・単位（たんい）・単独（たんどく）・単身（たんしん）","","","","未校正",""
"置","4年","6級から","13","チ","お（く）","位置（いち）・装置（そうち）・放置（ほうち）・処置（しょち）","罒","网","","未校正",""
"仲","4年","6級から","6","チュウ","なか","仲間（ちゅうげん）・仲裁（ちゅうさい）","亻","人","","未校正","中"
"沖","4年","6級から","7","チュウ","おき","沖積層（ちゅうせきそう）・沖天（ちゅうてん）","氵","水","","未校正",""
"兆","4年","6級から","6","チョウ","きざ（す）・きざ（し）","兆候（ちょうこう）・前兆（ぜんちょう）・億兆（おくちょう）","","","","未校正",""
"低","4年","6級から","7","テイ","ひく（い）・ひく（める）・ひく（まる）","低迷（ていめい）・高低（こうてい）・低気圧（ていきあつ）・低級（ていきゅう）","亻","人","","未校正",""
"底","4年","6級から","8","テイ","そこ","海底（かいてい）・底力（そこぢから）・底流（ていりゅう）","广","","","未校正",""
"的","4年","6級から","8","テキ","まと","目的（もくてき）・画期的（かっきてき）・的中（てきちゅう）・科学的（かがくてき）・具体的（ぐたいてき）","白","","","未校正",""
"典","4年","6級から","8","テン","","典型（てんけい）・古典（こてん）・式典（しきてん）","八","","","未校正",""
"伝","4年","6級から","6","デン","つた（わる）・つた（える）・つた（う）","伝統（でんとう）・宣伝（せんでん）・伝達（でんたつ）・伝授（でんじゅ）・伝記（でんき）","亻","人","","未校正",""
"徒","4年","6級から","10","ト","","徒歩（とほ）・信徒（しんと）・徒党（ととう）・徒労（とろう）・博徒（ばくと）","彳","","","未校正",""
"努","4年","6級から","7","ド","つと（める）","努力（どりょく）","力","","","未校正","勤める・務める"
"灯","4年","6級から","6","トウ","ひ","電灯（でんとう）・点灯（てんとう）・灯台（とうだい）・灯火（とうか）・灯台守（とうだいもり）","火","","","未校正","火"
"働","4年","6級から","13","ドウ","はたら（く）","労働（ろうどう）・実働（じつどう）","亻","人","","未校正",""
"特","4年","6級から","10","トク","","特別（とくべつ）・特許（とっきょ）・独特（どくとく）・特有（とくゆう）・特色（とくしょく）","牛","","","未校正",""
"徳","4年","6級から","14","トク","","道徳（どうとく）・功徳（くどく）・徳義（とくぎ）・徳用（とくよう）・福徳（ふくとく）","彳","","","未校正",""
"栃","4年","6級から","9","","とち","栃木（とちぎ）・栃木県（とちぎけん）","木","","","未校正",""
"奈","4年","6級から","8","ナ","","神奈川（かながわ）・奈良（なら）・奈落（ならく）・神奈川県（かながわけん）・奈良県（ならけん）","大","","","未校正",""
"梨","4年","6級から","11","","なし","山梨（やまなし）・梨花（りか）","木","","","未校正",""
"熱","4年","6級から","15","ネツ","あつ（い）","情熱（じょうねつ）・熱湯（ねっとう）・熱病（ねつびょう）","灬","火","","未校正","暑い"
"念","4年","6級から","8","ネン","","残念（ざんねん）・信念（しんねん）・断念（だんねん）・念願（ねんがん）・疑念（ぎねん）","","","","未校正",""
"敗","4年","6級から","11","ハイ","やぶ（れる）","失敗（しっぱい）・敗北（はいぼく）・勝敗（しょうはい）・敗残（はいざん）","","","","未校正","破れる"
"梅","4年","6級から","10","バイ","うめ","梅雨（つゆ）・梅酒（うめしゅ）・紅梅（こうばい）・松竹梅（しょうちくばい）・梅園（ばいえん）","木","","","未校正",""
"博","4年","6級から","12","ハク・バク","","博覧（はくらん）・博識（はくしき）・博士号（はくしごう）・博徒（ばくと）・博労（ばくろう）","十","","","未校正",""
"阪","4年","6級から","7","ハン","","大阪（おおさか）・阪神（はんしん）・京阪（けいはん）・大阪府（おおさかふ）","⻖","阜","","未校正",""
"飯","4年","6級から","12","ハン","めし","赤飯（せきはん）・五目飯（ごもくめし）","飠","食","","未校正",""
"飛","4年","6級から","9","ヒ","と（ぶ）・と（ばす）","飛行（ひこう）","飛","","","未校正","跳ぶ"
"必","4年","6級から","5","ヒツ","かなら（ず）","必要（ひつよう）・必死（ひっし）・必然（ひつぜん）・必定（ひつじょう）","","","","未校正",""
"票","4年","6級から","11","ヒョウ","","投票（とうひょう）・伝票（でんぴょう）・票決（ひょうけつ）","","","","未校正",""
"標","4年","6級から","15","ヒョウ","","目標（めじるし）・標準（ひょうじゅん）・標本（ひょうほん）","木","","","未校正",""
"不","4年","6級から","4","フ・ブ","","不安（ふあん）・不幸（ふこう）・不当（ふとう）・不利（ふり）・不毛（ふもう）","一","","","未校正",""
"夫","4年","6級から","4","フ・フウ","おっと","夫婦（ふうふ）・工夫（くふう）・夫妻（ふさい）・農夫（のうふ）","","","","未校正",""
"付","4年","6級から","5","フ","つ（ける）・つ（く）","交付（こうふ）・受付（うけつけ）・給付（きゅうふ）","亻","人","","未校正","着ける・就ける・着く・就く"
"府","4年","6級から","8","フ","","政府（せいふ）・幕府（ばくふ）・府県（ふけん）・首府（しゅふ）・大阪府（おおさかふ）","广","","","未校正",""
"阜","4年","6級から","8","フ","","岐阜（ぎふ）・岐阜県（ぎふけん）","阜","","","未校正",""
"富","4年","6級から","12","フ・フウ","と（む）・とみ","豊富（ほうふ）・富山（とやま）・貧富（ひんぷ）・富貴（ふうき）・富強（ふきょう）","宀","","","未校正",""
"副","4年","6級から","11","フク","","副作用（ふくさよう）・副業（ふくぎょう）・正副（せいふく）","刂","刀","","未校正",""
"兵","4年","6級から","7","ヘイ・ヒョウ","","兵器（へいき）・兵隊（へいたい）・兵役（へいえき）・雑兵（ぞうひょう）・兵卒（へいそつ）","","","","未校正",""
"別","4年","6級から","7","ベツ","わか（れる）","特別（とくべつ）・差別（さべつ）・区別（くべつ）・識別（しきべつ）・分別（ふんべつ）","刂","刀","","未校正","分かれる"
"辺","4年","6級から","5","ヘン","あた（り）・べ","周辺（しゅうへん）・海辺（うみべ）・辺境（へんきょう）・岸辺（きしべ）・机辺（きへん）","⻌","辶","","未校正",""
"変","4年","6級から","9","ヘン","か（わる）・か（える）","大変（たいへん）・変化（へんか）・異変（いへん）・変則（へんそく）・変装（へんそう）","","","","未校正","替わる・代わる・換わる・替える・代える・換える"
"便","4年","6級から","9","ベン・ビン","たよ（り）","便利（べんり）・郵便（ゆうびん）・便乗（びんじょう）・簡便（かんべん）・定期便（ていきびん）","亻","人","","未校正",""
"包","4年","6級から","5","ホウ","つつ（む）","包囲（ほうい）・内包（ないほう）・小包（こづつみ）・包容力（ほうようりょく）","","","","未校正",""
"法","4年","6級から","8","ホウ・ハッ・ホッ","","方法（ほうほう）・法律（ほうりつ）・憲法（けんぽう）・法則（ほうそく）・文法（ぶんぽう）","氵","水","","未校正",""
"望","4年","6級から","11","ボウ・モウ","のぞ（む）","希望（きぼう）・欲望（よくぼう）・願望（がんぼう）・志望（しぼう）・失望（しつぼう）","","","","未校正",""
"牧","4年","6級から","8","ボク","まき","牧師（ぼくし）・牧場（ぼくじょう）・牧草（ぼくそう）・遊牧（ゆうぼく）・牧笛（ぼくてき）","牛","","","未校正",""
"末","4年","6級から","5","マツ・バツ","すえ","週末（しゅうまつ）・幕末（ばくまつ）・粉末（ふんまつ）・本末（ほんまつ）・末子（ばっし）","","","","未校正",""
"満","4年","6級から","12","マン","み（ちる）・み（たす）","満足（まんぞく）・未満（みまん）・満員（まんいん）・満月（まんげつ）・豊満（ほうまん）","氵","水","","未校正",""
"未","4年","6級から","5","ミ","","未来（みらい）・未満（みまん）・前代未聞（ぜんだいみもん）・未完（みかん）","","","","未校正",""
"民","4年","6級から","5","ミン","たみ","国民（こくみん）・市民（しみん）・民族（みんぞく）・移民（いみん）・民衆（みんしゅう）","","","","未校正",""
"無","4年","6級から","12","ム・ブ","な（い）","無理（むり）・無事（ぶじ）・有無（うむ）・無名（むめい）・無言（むごん）","灬","火","","未校正","亡い"
"約","4年","6級から","9","ヤク","","約束（やくそく）・条約（じょうやく）・節約（せつやく）・密約（みつやく）・約半分（やくはんぶん）","糸","","","未校正",""
"勇","4年","6級から","9","ユウ","いさ（む）","勇気（ゆうき）・武勇（ぶゆう）","力","","","未校正",""
"要","4年","6級から","9","ヨウ","かなめ・い（る）","必要（ひつよう）・重要（じゅうよう）・要求（ようきゅう）・要因（よういん）・要領（ようりょう）","覀","襾","","未校正","入る"
"養","4年","6級から","15","ヨウ","やしな（う）","栄養（えいよう）・養子（ようし）・休養（きゅうよう）・供養（くよう）・養育（よういく）","","","","未校正",""
"浴","4年","6級から","10","ヨク","あ（びる）・あ（びせる）","海水浴（かいすいよく）・浴場（よくじょう）","氵","水","","未校正",""
"利","4年","6級から","7","リ","き（く）","利益（りえき）・権利（けんり）・便利（べんり）・勝利（しょうり）・不利（ふり）","","","","未校正","効く"
"陸","4年","6級から","11","リク","","着陸（ちゃくりく）・陸地（りくち）・陸橋（りっきょう）・水陸（すいりく）","⻖","阜","","未校正",""
"良","4年","6級から","7","リョウ","よ（い）","奈良（なら）・良心（りょうしん）・良好（りょうこう）・優良（ゆうりょう）・奈良県（ならけん）","艮","","","未校正","善い"
"料","4年","6級から","10","リョウ","","料理（りょうり）・料金（りょうきん）・材料（ざいりょう）・燃料（ねんりょう）・食料（しょくりょう）","","","","未校正",""
"量","4年","6級から","12","リョウ","はか（る）","重量（じゅうりょう）・数量（すうりょう）・力量（りきりょう）・量産（りょうさん）・測量（そくりょう）","","","","未校正","計る・測る・図る・謀る"
"輪","4年","6級から","15","リン","わ","車輪（しゃりん）・競輪（けいりん）・首輪（くびわ）・一輪（いちりん）・輪番（りんばん）","車","","","未校正",""
"類","4年","6級から","18","ルイ","たぐ（い）","種類（しゅるい）・分類（ぶんるい）・類似（るいじ）・類型（るいけい）・魚類（ぎょるい）","頁","","","未校正",""
"令","4年","6級から","5","レイ","","命令（めいれい）・法令（ほうれい）・司令（しれい）・号令（ごうれい）・令妹（れいまい）","人","","","未校正",""
"冷","4年","6級から","7","レイ","つめ（たい）・ひ（える）・ひ（や）・ひ（やす）・ひ（やかす）・さ（める）・さ（ます）","寒冷（かんれい）","冫","氷","","未校正",""
"例","4年","6級から","8","レイ","たと（える）","例外（れいがい）・比例（ひれい）・例年（れいねん）・慣例（かんれい）・用例（ようれい）","亻","人","","未校正",""
"連","4年","6級から","10","レン","つら（なる）・つら（ねる）・つ（れる）","関連（かんれん）・連続（れんぞく）・連合（れんごう）・連盟（れんめい）・連日（れんじつ）","⻌","辶","","未校正",""
"老","4年","6級から","6","ロウ","お（いる）・ふ（ける）","老人（ろうじん）・長老（ちょうろう）・老骨（ろうこつ）・老若（ろうにゃく）","老","","","未校正",""
"労","4年","6級から","7","ロウ","","労働（ろうどう）・苦労（くろう）・労力（ろうりょく）・徒労（とろう）・博労（ばくろう）","力","","","未校正",""
"録","4年","6級から","16","ロク","","記録（きろく）・録音（ろくおん）・実録（じつろく）","金","","","未校正",""
"圧","5年","6級から","5","アツ","","圧力（あつりょく）・気圧（きあつ）・圧巻（あっかん）・低気圧（ていきあつ）","","","","未校正",""
"囲","5年","6級から","7","イ","かこ（む）・かこ（う）","周囲（しゅうい）・包囲（ほうい）・胸囲（きょうい）","囗","","","未校正",""
"移","5年","6級から","11","イ","うつ（る）・うつ（す）","移転（いてん）・移民（いみん）・推移（すいい）","禾","","","未校正",""
"因","5年","6級から","6","イン","よ（る）","原因（げんいん）・要因（よういん）・因果（いんが）","囗","","","未校正",""
"永","5年","6級から","5","エイ","なが（い）","永遠（えいえん）・永久（えいきゅう）・永続（えいぞく）・日永（ひなが）","","","","未校正","長い"
"営","5年","6級から","12","エイ","いとな（む）","経営（けいえい）・営業（えいぎょう）・営巣（えいそう）","口","","","未校正",""
"衛","5年","6級から","16","エイ","","衛生（えいせい）・衛星（えいせい）・護衛（ごえい）・守衛（しゅえい）","","","","未校正",""
"易","5年","6級から","8","エキ・イ","やさ（しい）","貿易（ぼうえき）・容易（ようい）・安易（あんい）・簡易（かんい）・難易（なんい）","日","","","未校正",""
"益","5年","6級から","10","エキ・ヤク","","利益（りえき）・有益（ゆうえき）","","","","未校正",""
"液","5年","6級から","11","エキ","","血液（けつえき）・液体（えきたい）・液状（えきじょう）・血液型（けつえきがた）・乳液（にゅうえき）","氵","水","","未校正",""
"演","5年","6級から","14","エン","","演奏（えんそう）・講演（こうえん）・演技（えんぎ）・演劇（えんげき）・演説（えんぜつ）","氵","水","","未校正",""
"応","5年","6級から","7","オウ","こた（える）","応用（おうよう）・応答（おうとう）・呼応（こおう）","","","","未校正","答える"
"往","5年","6級から","8","オウ","","往復（おうふく）・往来（おうらい）","彳","","","未校正",""
"桜","5年","6級から","10","オウ","さくら","桜花（おうか）・桜色（さくらいろ）・八重桜（やえざくら）・観桜（かんおう）・葉桜（はざくら）","木","","","未校正",""
"可","5年","6級から","5","カ","","可能（かのう）・許可（きょか）・可否（かひ）・可燃性（かねんせい）","","","","未校正",""
"仮","5年","6級から","6","カ・ケ","かり","仮定（かてい）・仮面（かめん）・仮処分（かりしょぶん）・仮装（かそう）・仮病（けびょう）","亻","人","","未校正",""
"価","5年","6級から","8","カ","あたい","評価（ひょうか）・価格（かかく）・価値（かち）・定価（ていか）・安価（あんか）","亻","人","","未校正","値"
"河","5年","6級から","8","カ","かわ","河川（かせん）・運河（うんが）・河口（かこう）","氵","水","","未校正","川"
"過","5年","6級から","12","カ","す（ぎる）・す（ごす）・あやま（つ）・あやま（ち）","過去（かこ）・過程（かてい）・通過（つうか）・過度（かど）・過失（かしつ）","⻌","辶","","未校正",""
"快","5年","6級から","7","カイ","こころよ（い）","快適（かいてき）・快楽（かいらく）・明快（めいかい）・快晴（かいせい）・軽快（けいかい）","忄","心","","未校正",""
"解","5年","6級から","13","カイ・ゲ","と（く）・と（かす）・と（ける）","理解（りかい）・解決（かいけつ）・誤解（ごかい）・解除（かいじょ）・解散（かいさん）","角","","","未校正","溶く・溶かす・溶ける"
"格","5年","6級から","10","カク・コウ","","価格（かかく）・資格（しかく）・性格（せいかく）・規格（きかく）・厳格（げんかく）","木","","","未校正",""
"確","5年","6級から","15","カク","たしか・たし（かめる）","確認（かくにん）・正確（せいかく）・確定（かくてい）","石","","","未校正",""
"額","5年","6級から","18","ガク","ひたい","金額（きんがく）・前額部（ぜんがくぶ）","頁","","","未校正",""
"刊","5年","6級から","5","カン","","週刊（しゅうかん）・刊行（かんこう）・発刊（はっかん）","","","","未校正",""
"幹","5年","6級から","13","カン","みき","幹事（かんじ）・根幹（こんかん）・幹線（かんせん）","","","","未校正",""
"慣","5年","6級から","14","カン","な（れる）・な（らす）","習慣（しゅうかん）・慣例（かんれい）・慣性（かんせい）","忄","心","","未校正",""
"眼","5年","6級から","11","ガン・ゲン","まなこ","主眼（しゅがん）・眼球（がんきゅう）・開眼（かいがん）・眼力（がんりき）・血眼（ちまなこ）","目","","","未校正",""
"紀","5年","6級から","9","キ","","世紀（せいき）・紀行（きこう）・紀元（きげん）・風紀（ふうき）","糸","","","未校正",""
"基","5年","6級から","11","キ","もと・もとい","基準（きじゅん）・基地（きち）","土","","","未校正","下・元・本"
"寄","5年","6級から","11","キ","よ（る）・よ（せる）","寄港（きこう）・寄宿舎（きしゅくしゃ）・寄宿（きしゅく）","宀","","","未校正",""
"規","5年","6級から","11","キ","","規模（きぼ）・規則（きそく）・規格（きかく）・規律（きりつ）・定規（じょうぎ）","見","","","未校正",""
"喜","5年","6級から","12","キ","よろこ（ぶ）","喜劇（きげき）・悲喜（ひき）・喜捨（きしゃ）","","","","未校正",""
"技","5年","6級から","7","ギ","わざ","技術（ぎじゅつ）・競技（きょうぎ）・演技（えんぎ）・技師（ぎし）・特技（とくぎ）","扌","手","","未校正","業"
"義","5年","6級から","13","ギ","","義務（ぎむ）・講義（こうぎ）・意義（いぎ）・正義（せいぎ）・義理（ぎり）","羊","","","未校正",""
"逆","5年","6級から","9","ギャク","さか・さか（らう）","逆転（ぎゃくてん）・逆境（ぎゃっきょう）・逆上（ぎゃくじょう）・順逆（じゅんぎゃく）","⻌","辶","","未校正",""
"久","5年","6級から","3","キュウ・ク","ひさ（しい）","永久（えいきゅう）・持久（じきゅう）・久遠（くおん）","丿","","","未校正",""
"旧","5年","6級から","5","キュウ","","復旧（ふっきゅう）・新旧（しんきゅう）・旧道（きゅうどう）","","","","未校正",""
"救","5年","6級から","11","キュウ","すく（う）","救済（きゅうさい）・救急（きゅうきゅう）・救助（きゅうじょ）・救護（きゅうご）・救護班（きゅうごはん）","攵","攴","","未校正",""
"居","5年","6級から","8","キョ","い（る）","居住（きょじゅう）・住居（じゅうきょ）・鳥居（とりい）・居室（きょしつ）・居候（いそうろう）","尸","","","未校正",""
"許","5年","6級から","11","キョ","ゆる（す）","特許（とっきょ）・許可（きょか）","言","","","未校正",""
"境","5年","6級から","14","キョウ・ケイ","さかい","境界（きょうかい）・境内（けいだい）・境地（きょうち）・辺境（へんきょう）・境目（さかいめ）","土","","","未校正",""
"均","5年","6級から","7","キン","","平均（へいきん）・均等（きんとう）・均一（きんいつ）","土","","","未校正",""
"禁","5年","6級から","13","キン","","禁止（きんし）・解禁（かいきん）・厳禁（げんきん）・禁物（きんもつ）","示","","","未校正",""
"句","5年","6級から","5","ク","","俳句（はいく）・節句（せっく）・句読点（くとうてん）・字句（じく）・句集（くしゅう）","","","","未校正",""
"型","5年","6級から","9","ケイ","かた","大型（おおがた）・典型（てんけい）・小型（こがた）・模型（もけい）・類型（るいけい）","土","","","未校正","形"
"経","5年","6級から","11","ケイ・キョウ","へ（る）","経済（けいざい）・経験（けいけん）・経営（けいえい）・経費（けいひ）・神経（しんけい）","糸","","","未校正",""
"潔","5年","6級から","15","ケツ","いさぎよ（い）","清潔（せいけつ）・潔白（けっぱく）・純潔（じゅんけつ）","氵","水","","未校正",""
"件","5年","6級から","6","ケン","","事件（じけん）・条件（じょうけん）・件数（けんすう）","亻","人","","未校正",""
"険","5年","6級から","11","ケン","けわ（しい）","保険（ほけん）・危険（きけん）・険悪（けんあく）","⻖","阜","","未校正",""
"検","5年","6級から","12","ケン","","検討（けんとう）・検査（けんさ）・点検（てんけん）","木","","","未校正",""
"限","5年","6級から","9","ゲン","かぎ（る）","制限（せいげん）・限界（げんかい）・期限（きげん）・限度（げんど）・極限（きょくげん）","⻖","阜","","未校正",""
"現","5年","6級から","11","ゲン","あらわ（れる）・あらわ（す）","現在（げんざい）・表現（ひょうげん）・現代（げんだい）・現象（げんしょう）・出現（しゅつげん）","王","玉","","未校正","表れる・表す・著す"
"減","5年","6級から","12","ゲン","へ（る）・へ（らす）","減少（げんしょう）・加減（かげん）・増減（ぞうげん）","氵","水","","未校正",""
"故","5年","6級から","9","コ","ゆえ","事故（じこ）・故障（こしょう）・故郷（くに）・故意（こい）","攵","攴","","未校正",""
"個","5年","6級から","10","コ","","個人（こじん）・個性（こせい）・一個（いっこ）","亻","人","","未校正",""
"護","5年","6級から","20","ゴ","","保護（ほご）・看護（かんご）・護衛（ごえい）・救護（きゅうご）・救護班（きゅうごはん）","言","","","未校正",""
"効","5年","6級から","8","コウ","き（く）","効果（こうか）・効力（こうりょく）・時効（じこう）・効能（こうのう）","力","","","未校正","利く"
"厚","5年","6級から","9","コウ","あつ（い）","厚生（こうせい）・温厚（おんこう）・厚紙（あつがみ）・厚顔（こうがん）・厚情（こうじょう）","厂","","","未校正",""
"耕","5年","6級から","10","コウ","たがや（す）","耕作（こうさく）・農耕（のうこう）・耕地（こうち）","耒","","","未校正",""
"航","5年","6級から","10","コウ","","航空（こうくう）・航海（こうかい）・就航（しゅうこう）","舟","","","未校正",""
"鉱","5年","6級から","13","コウ","","鉱山（こうざん）・炭鉱（たんこう）・鉱物（こうぶつ）・鉄鉱（てっこう）","金","","","未校正",""
"構","5年","6級から","14","コウ","かま（える）・かま（う）","構造（こうぞう）・結構（けっこう）・構内（こうない）","木","","","未校正",""
"興","5年","6級から","16","コウ・キョウ","おこ（る）・おこ（す）","興味（きょうみ）・興奮（こうふん）・復興（ふっこう）・興行（こうぎょう）・余興（よきょう）","","","","未校正","起こる・起こす"
"講","5年","6級から","17","コウ","","講演（こうえん）・講義（こうぎ）","言","","","未校正",""
"告","5年","6級から","7","コク","つ（げる）","報告（ほうこく）・警告（けいこく）・申告（しんこく）・告白（こくはく）・告示（こくじ）","口","","","未校正",""
"混","5年","6級から","11","コン","ま（じる）・ま（ざる）・ま（ぜる）・こ（む）","混乱（こんらん）・混雑（こんざつ）・混合（こんごう）・混同（こんどう）・混迷（こんめい）","氵","水","","未校正","交じる・交ざる・交ぜる・込む"
"査","5年","6級から","9","サ","","調査（ちょうさ）・検査（けんさ）・査察（ささつ）","木","","","未校正",""
"再","5年","6級から","6","サイ・サ","ふたた（び）","再度（さいど）・再三（さいさん）・再選（さいせん）・再来週（さらいしゅう）・再来年（さらいねん）","","","","未校正",""
"災","5年","6級から","7","サイ","わざわ（い）","災害（さいがい）・火災（かさい）・災難（さいなん）","","","","未校正",""
"妻","5年","6級から","8","サイ","つま","夫妻（ふさい）・人妻（ひとづま）・妻子（さいし）・新妻（にいづま）・良妻（りょうさい）","女","","","未校正",""
"採","5年","6級から","11","サイ","と（る）","採用（さいよう）・採点（さいてん）・採集（さいしゅう）・採光（さいこう）","扌","手","","未校正","取る・執る・捕る"
"際","5年","6級から","14","サイ","きわ","国際（こくさい）・交際（こうさい）・窓際（まどぎわ）・際限（さいげん）","⻖","阜","","未校正",""
"在","5年","6級から","6","ザイ","あ（る）","現在（げんざい）・存在（そんざい）・在宅（ざいたく）・在留（ざいりゅう）・在郷（ざいごう）","土","","","未校正","有る"
"財","5年","6級から","10","ザイ・サイ","","財産（ざいさん）・財布（さいふ）・文化財（ぶんかざい）・財宝（ざいほう）・私財（しざい）","貝","","","未校正",""
"罪","5年","6級から","13","ザイ","つみ","犯罪（はんざい）・謝罪（しゃざい）・罪状（ざいじょう）・罪科（ざいか）・罪業（ざいごう）","罒","网","","未校正",""
"殺","5年","6級から","10","サツ・サイ・セツ","ころ（す）","殺人（さつじん）・相殺（そうさい）・殺生（せっしょう）","殳","","","未校正",""
"雑","5年","6級から","14","ザツ・ゾウ","","雑誌（ざっし）・複雑（ふくざつ）・雑談（ざつだん）・混雑（こんざつ）・雑音（ざつおん）","隹","","","未校正",""
"酸","5年","6級から","14","サン","す（い）","酸素（さんそ）・酸味（さんみ）・塩酸（えんさん）・胃酸（いさん）","酉","","","未校正",""
"賛","5年","6級から","15","サン","","賛成（さんせい）・賛同（さんどう）・賞賛（しょうさん）・賛美（さんび）・礼賛（らいさん）","貝","","","未校正",""
"士","5年","6級から","3","シ","","武士（ぶし）・士官（しかん）・郷士（ごうし）・四十七士（しじゅうしちし）・博士号（はくしごう）","士","","","未校正",""
"支","5年","6級から","4","シ","ささ（える）","支持（しじ）・支店（してん）・支障（ししょう）・支度（したく）・支柱（しちゅう）","支","","","未校正",""
"史","5年","6級から","5","シ","","歴史（れきし）・史学（しがく）・国史（こくし）","","","","未校正",""
"志","5年","6級から","7","シ","こころざ（す）・こころざし","志望（しぼう）・有志（ゆうし）・志願（しがん）・寸志（すんし）","","","","未校正",""
"枝","5年","6級から","8","シ","えだ","枝葉（えだは）","木","","","未校正",""
"師","5年","6級から","10","シ","","教師（きょうし）・医師（いし）・牧師（ぼくし）・漁師（りょうし）・技師（ぎし）","","","","未校正",""
"資","5年","6級から","13","シ","","投資（とうし）・資本（しほん）・資格（しかく）・資源（しげん）・物資（ぶっし）","貝","","","未校正",""
"飼","5年","6級から","13","シ","か（う）","飼育（しいく）・飼料（しりょう）","飠","食","","未校正",""
"示","5年","6級から","5","ジ・シ","しめ（す）","展示（てんじ）・指示（しじ）・暗示（あんじ）・告示（こくじ）・示談（じだん）","示","","","未校正",""
"似","5年","6級から","7","ジ","に（る）","類似（るいじ）・疑似（ぎじ）・似顔（にがお）","亻","人","","未校正",""
"識","5年","6級から","19","シキ","","意識（いしき）・知識（ちしき）・認識（にんしき）・識別（しきべつ）・博識（はくしき）","言","","","未校正",""
"質","5年","6級から","15","シツ・シチ・チ","","質問（しつもん）・物質（ぶっしつ）・本質（ほんしつ）・性質（せいしつ）・人質（ひとじち）","貝","","","未校正",""
"舎","5年","6級から","8","シャ","","校舎（こうしゃ）・庁舎（ちょうしゃ）・寄宿舎（きしゅくしゃ）","人","","","未校正",""
"謝","5年","6級から","17","シャ","あやま（る）","感謝（かんしゃ）・謝罪（しゃざい）・代謝（たいしゃ）・謝礼（しゃれい）・謝恩（しゃおん）","言","","","未校正",""
"授","5年","6級から","11","ジュ","さず（ける）・さず（かる）","教授（きょうじゅ）・伝授（でんじゅ）","扌","手","","未校正",""
"修","5年","6級から","10","シュウ・シュ","おさ（める）・おさ（まる）","研修（けんしゅう）・修行（しゅぎょう）・改修（かいしゅう）・修養（しゅうよう）","亻","人","","未校正","治める・治まる"
"述","5年","6級から","8","ジュツ","の（べる）","著述（ちょじゅつ）・口述（こうじゅつ）・祖述（そじゅつ）","⻌","辶","","未校正",""
"術","5年","6級から","11","ジュツ","","技術（ぎじゅつ）・芸術（げいじゅつ）・美術（びじゅつ）・術策（じゅっさく）・仁術（じんじゅつ）","","","","未校正",""
"準","5年","6級から","13","ジュン","","準備（じゅんび）・基準（きじゅん）・標準（ひょうじゅん）","","","","未校正",""
"序","5年","6級から","7","ジョ","","順序（じゅんじょ）・序幕（じょまく）","广","","","未校正",""
"招","5年","6級から","8","ショウ","まね（く）","招待（しょうたい）","扌","手","","未校正",""
"証","5年","6級から","12","ショウ","","証明（しょうめい）・論証（ろんしょう）","言","","","未校正",""
"象","5年","6級から","12","ショウ・ゾウ","","対象（たいしょう）・印象（いんしょう）・現象（げんしょう）・捨象（しゃしょう）・象眼（ぞうがん）","豕","","","未校正",""
"賞","5年","6級から","15","ショウ","","受賞（じゅしょう）・大賞（たいしょう）・賞賛（しょうさん）","","","","未校正",""
"条","5年","6級から","7","ジョウ","","条件（じょうけん）・条約（じょうやく）・条理（じょうり）","","","","未校正",""
"状","5年","6級から","7","ジョウ","","状態（じょうたい）・白状（はくじょう）・罪状（ざいじょう）・液状（えきじょう）・賀状（がじょう）","","","","未校正",""
"常","5年","6級から","11","ジョウ","つね・とこ","非常（ひじょう）・日常（にちじょう）・常備（じょうび）・常夏（とこなつ）","","","","未校正",""
"情","5年","6級から","11","ジョウ・セイ","なさ（け）","情報（じょうほう）・情勢（じょうせい）・愛情（あいじょう）・情熱（じょうねつ）・同情（どうじょう）","忄","心","","未校正",""
"織","5年","6級から","18","ショク・シキ","お（る）","組織（そしき）・織物（おりもの）・染織（せんしょく）・織機（しょっき）","糸","","","未校正",""
"職","5年","6級から","18","ショク","","就職（しゅうしょく）・職業（しょくぎょう）・職務（しょくむ）・辞職（じしょく）・求職（きゅうしょく）","耳","","","未校正",""
"制","5年","6級から","8","セイ","","制度（せいど）・制限（せいげん）・統制（とうせい）・管制（かんせい）","刂","刀","","未校正",""
"性","5年","6級から","8","セイ・ショウ","","男性（だんせい）・性格（せいかく）・個性（こせい）・性質（せいしつ）・属性（ぞくせい）","忄","心","","未校正",""
"政","5年","6級から","9","セイ・ショウ","まつりごと","政府（せいふ）・政治（せいじ）・政策（せいさく）・行政（ぎょうせい）・政党（せいとう）","攵","攴","","未校正",""
"勢","5年","6級から","13","セイ","いきお（い）","姿勢（しせい）・情勢（じょうせい）・勢力（せいりょく）・態勢（たいせい）・優勢（ゆうせい）","力","","","未校正",""
"精","5年","6級から","14","セイ・ショウ","","精神（せいしん）・精密（せいみつ）・精力（せいりょく）・精進（しょうじん）・精米（せいまい）","米","","","未校正",""
"製","5年","6級から","14","セイ","","製造（せいぞう）・製鉄（せいてつ）・鉄製（てっせい）・製糖（せいとう）・製鋼（せいこう）","衣","","","未校正",""
"税","5年","6級から","12","ゼイ","","税金（ぜいきん）・関税（かんぜい）","禾","","","未校正",""
"責","5年","6級から","11","セキ","せ（める）","責任（せきにん）・責務（せきむ）・職責（しょくせき）","貝","","","未校正",""
"績","5年","6級から","17","セキ","","成績（せいせき）・業績（ぎょうせき）・功績（こうせき）","糸","","","未校正",""
"接","5年","6級から","11","セツ","つ（ぐ）","直接（ちょくせつ）・接近（せっきん）・接待（せったい）","扌","手","","未校正","継ぐ"
"設","5年","6級から","11","セツ","もう（ける）","建設（けんせつ）・設備（せつび）・設立（せつりつ）","言","","","未校正",""
"絶","5年","6級から","12","ゼツ","た（える）・た（やす）・た（つ）","絶対（ぜったい）・断絶（だんぜつ）・絶頂（ぜっちょう）・絶食（ぜっしょく）・謝絶（しゃぜつ）","糸","","","未校正","裁つ・断つ"
"祖","5年","6級から","9","ソ","","祖母（そぼ）・祖父（そふ）・元祖（がんそ）・祖述（そじゅつ）","礻","示","","未校正",""
"素","5年","6級から","10","ソ・ス","","素材（そざい）・酸素（さんそ）・元素（げんそ）・素顔（すがお）・素性（すじょう）","糸","","","未校正",""
"総","5年","6級から","14","ソウ","","総合（そうごう）・総意（そうい）","糸","","","未校正",""
"造","5年","6級から","10","ゾウ","つく（る）","構造（こうぞう）・製造（せいぞう）・創造（そうぞう）・改造（かいぞう）・木造（もくぞう）","⻌","辶","","未校正","作る・創る"
"像","5年","6級から","14","ゾウ","","想像（そうぞう）・現像（げんぞう）・仏像（ぶつぞう）・銅像（どうぞう）","亻","人","","未校正",""
"増","5年","6級から","14","ゾウ","ま（す）・ふ（える）・ふ（やす）","増加（ぞうか）・増減（ぞうげん）・激増（げきぞう）・増刷（ぞうさつ）","土","","","未校正","殖える・殖やす"
"則","5年","6級から","9","ソク","","規則（きそく）・法則（ほうそく）・鉄則（てっそく）・変則（へんそく）","","","","未校正",""
"測","5年","6級から","12","ソク","はか（る）","推測（すいそく）・測量（そくりょう）・測候所（そっこうじょ）・目測（もくそく）","氵","水","","未校正","計る・量る・図る"
"属","5年","6級から","12","ゾク","","金属（きんぞく）・属性（ぞくせい）・従属（じゅうぞく）・専属（せんぞく）","尸","","","未校正",""
"率","5年","6級から","11","ソツ・リツ","ひき（いる）","比率（ひりつ）・能率（のうりつ）・倍率（ばいりつ）・率先（そっせん）・軽率（けいそつ）","","","","未校正",""
"損","5年","6級から","13","ソン","そこ（なう）・そこ（ねる）","損害（そんがい）・損失（そんしつ）・破損（はそん）・欠損（けっそん）・損得（そんとく）","扌","手","","未校正",""
"貸","5年","6級から","12","タイ","か（す）","賃貸（ちんたい）・貸借（たいしゃく）","貝","","","未校正",""
"態","5年","6級から","14","タイ","","状態（じょうたい）・形態（けいたい）・態勢（たいせい）・容態（ようだい）","心","","","未校正",""
"団","5年","6級から","6","ダン・トン","","集団（しゅうだん）・布団（ふとん）・団結（だんけつ）・団地（だんち）","囗","","","未校正",""
"断","5年","6級から","11","ダン","た（つ）・ことわ（る）","判断（はんだん）・横断（おうだん）・断念（だんねん）・断片（だんぺん）・切断（せつだん）","斤","","","未校正","裁つ・絶つ"
"築","5年","6級から","16","チク","きず（く）","建築（けんちく）・改築（かいちく）・築港（ちっこう）","竹","","","未校正",""
"貯","5年","6級から","12","チョ","","貯金（ちょきん）・貯蔵（ちょぞう）・貯水池（ちょすいち）","貝","","","未校正",""
"張","5年","6級から","11","チョウ","は（る）","主張（しゅちょう）・拡張（かくちょう）・張力（ちょうりょく）・縄張（なわばり）","弓","","","未校正","貼る"
"停","5年","6級から","11","テイ","","停止（ていし）・調停（ちょうてい）・停車（ていしゃ）","亻","人","","未校正",""
"提","5年","6級から","12","テイ","さ（げる）","提供（ていきょう）・提案（ていあん）・提出（ていしゅつ）・前提（ぜんてい）・提唱（ていしょう）","扌","手","","未校正","下げる"
"程","5年","6級から","12","テイ","ほど","程度（ていど）・過程（かてい）・日程（にってい）・里程（りてい）","禾","","","未校正",""
"適","5年","6級から","14","テキ","","適切（てきせつ）・快適（かいてき）・適度（てきど）・適否（てきひ）","⻌","辶","","未校正",""
"統","5年","6級から","12","トウ","す（べる）","大統領（だいとうりょう）・伝統（でんとう）・統計（とうけい）・統一（とういつ）・統制（とうせい）","糸","","","未校正",""
"堂","5年","6級から","11","ドウ","","堂宇（どうう）・母堂（ぼどう）","","","","未校正",""
"銅","5年","6級から","14","ドウ","","銅像（どうぞう）・青銅（せいどう）・赤銅（しゃくどう）・銅器（どうき）・分銅（ふんどう）","金","","","未校正",""
"導","5年","6級から","15","ドウ","みちび（く）","指導（しどう）・導入（どうにゅう）・半導体（はんどうたい）","寸","","","未校正",""
"得","5年","6級から","11","トク","え（る）・うる","納得（なっとく）・所得（しょとく）・得意（とくい）・習得（しゅうとく）・損得（そんとく）","彳","","","未校正","獲る"
"毒","5年","6級から","8","ドク","","中毒（ちゅうどく）・毒舌（どくぜつ）・毒薬（どくやく）","毋","母","","未校正",""
"独","5年","6級から","9","ドク","ひと（り）","独立（どくりつ）・独特（どくとく）・単独（たんどく）・独創（どくそう）・独断（どくだん）","⺨","犬","","未校正",""
"任","5年","6級から","6","ニン","まか（せる）・まか（す）","責任（せきにん）・就任（しゅうにん）・任務（にんむ）・任意（にんい）・委任（いにん）","亻","人","","未校正",""
"燃","5年","6級から","16","ネン","も（える）・も（やす）・も（す）","燃料（ねんりょう）・燃焼（ねんしょう）・可燃性（かねんせい）","火","","","未校正",""
"能","5年","6級から","10","ノウ","","可能（かのう）・能力（のうりょく）・才能（さいのう）・芸能（げいのう）・能率（のうりつ）","","","","未校正",""
"破","5年","6級から","10","ハ","やぶ（る）・やぶ（れる）","破産（はさん）・破損（はそん）・打破（だは）・破片（はへん）・看破（かんぱ）","石","","","未校正","敗れる"
"犯","5年","6級から","5","ハン","おか（す）","犯罪（はんざい）・共犯（きょうはん）","⺨","犬","","未校正","侵す・冒す"
"判","5年","6級から","7","ハン・バン","","判断（はんだん）・批判（ひはん）・裁判（さいばん）・判定（はんてい）・評判（ひょうばん）","刂","刀","","未校正",""
"版","5年","6級から","8","ハン","","出版（しゅっぱん）・版画（はんが）・写真版（しゃしんばん）","片","","","未校正",""
"比","5年","6級から","4","ヒ","くら（べる）","比率（ひりつ）・比例（ひれい）・無比（むひ）","比","","","未校正",""
"肥","5年","6級から","8","ヒ","こ（える）・こえ・こ（やす）・こ（やし）","肥料（ひりょう）・肥大（ひだい）・下肥（しもごえ）","月","肉","","未校正",""
"非","5年","6級から","8","ヒ","","非常（ひじょう）・非難（ひなん）","非","","","未校正",""
"費","5年","6級から","12","ヒ","つい（やす）・つい（える）","消費（しょうひ）・費用（ひよう）・経費（けいひ）・旅費（りょひ）・費消（ひしょう）","貝","","","未校正",""
"備","5年","6級から","12","ビ","そな（える）・そな（わる）","準備（じゅんび）・設備（せつび）・予備（よび）・守備（しゅび）・軍備（ぐんび）","亻","人","","未校正","供える"
"評","5年","6級から","12","ヒョウ","","評価（ひょうか）・評判（ひょうばん）・批評（ひひょう）・定評（ていひょう）・品評（ひんぴょう）","言","","","未校正",""
"貧","5年","6級から","11","ヒン・ビン","まず（しい）","貧困（ひんこん）・貧弱（ひんじゃく）・貧富（ひんぷ）・清貧（せいひん）・赤貧（せきひん）","","","","未校正",""
"布","5年","6級から","5","フ","ぬの","財布（さいふ）・分布（ぶんぷ）・布団（ふとん）・流布（るふ）・布地（ぬのじ）","巾","","","未校正",""
"婦","5年","6級から","11","フ","","夫婦（ふうふ）・主婦（しゅふ）・婦人（ふじん）","女","","","未校正",""
"武","5年","6級から","8","ブ・ム","","武力（ぶりょく）・武士（ぶし）・武勇（ぶゆう）・文武（ぶんぶ）・武者人形（むしゃにんぎょう）","","","","未校正",""
"復","5年","6級から","12","フク","","復活（ふっかつ）・復帰（ふっき）・復興（ふっこう）・往復（おうふく）・復旧（ふっきゅう）","彳","","","未校正",""
"複","5年","6級から","14","フク","","複数（ふくすう）・複雑（ふくざつ）・重複（ちょうふく）","衤","衣","","未校正",""
"仏","5年","6級から","4","ブツ","ほとけ","仏像（ぶつぞう）・念仏（ねんぶつ）・成仏（じょうぶつ）・仏事（ぶつじ）・仏様（ほとけさま）","亻","人","","未校正",""
"粉","5年","6級から","10","フン","こ・こな","小麦粉（こむぎこ）・粉末（ふんまつ）・粉雪（こなゆき）・麦粉（むぎこ）","米","","","未校正",""
"編","5年","6級から","15","ヘン","あ（む）","編集（へんしゅう）・編成（へんせい）・長編（ちょうへん）","糸","","","未校正",""
"弁","5年","6級から","5","ベン","","答弁（とうべん）・花弁（かべん）・弁舌（べんぜつ）","","","","未校正",""
"保","5年","6級から","9","ホ","たも（つ）","保険（ほけん）・保護（ほご）・保存（ほぞん）・保守（ほしゅ）・担保（たんぽ）","亻","人","","未校正",""
"墓","5年","6級から","13","ボ","はか","墓地（ぼち）・墓穴（ぼけつ）・墓参（はかまいり）","","","","未校正",""
"報","5年","6級から","12","ホウ","むく（いる）","情報（じょうほう）・報告（ほうこく）・報道（ほうどう）・報復（ほうふく）・電報（でんぽう）","土","","","未校正",""
"豊","5年","6級から","13","ホウ","ゆたか","豊富（ほうふ）・豊作（ほうさく）・豊満（ほうまん）・豊年（ほうねん）","豆","","","未校正",""
"防","5年","6級から","7","ボウ","ふせ（ぐ）","予防（よぼう）・防備（ぼうび）","⻖","阜","","未校正",""
"貿","5年","6級から","12","ボウ","","貿易（ぼうえき）・貿易商（ぼうえきしょう）","貝","","","未校正",""
"暴","5年","6級から","15","ボウ・バク","あば（く）・あば（れる）","乱暴（らんぼう）・暴言（ぼうげん）・横暴（おうぼう）・暴投（ぼうとう）","日","","","未校正",""
"脈","5年","6級から","10","ミャク","","動脈（どうみゃく）・山脈（やまなみ）・静脈（じょうみゃく）","月","肉","","未校正",""
"務","5年","6級から","11","ム","つと（める）・つと（まる）","事務（じむ）・義務（ぎむ）・勤務（きんむ）・職務（しょくむ）・任務（にんむ）","","","","未校正","勤める・努める・勤まる"
"夢","5年","6級から","13","ム","ゆめ","夢中（むちゅう）・悪夢（あくむ）・初夢（はつゆめ）・正夢（まさゆめ）","","","","未校正",""
"迷","5年","6級から","9","メイ","まよ（う）","低迷（ていめい）・迷路（めいろ）・混迷（こんめい）","⻌","辶","","未校正",""
"綿","5年","6級から","14","メン","わた","綿密（めんみつ）・純綿（じゅんめん）・真綿（まわた）・綿糸（めんし）・綿布（めんぷ）","糸","","","未校正",""
"輸","5年","6級から","16","ユ","","輸出（ゆしゅつ）・輸送（ゆそう）・運輸（うんゆ）","車","","","未校正",""
"余","5年","6級から","7","ヨ","あま（る）・あま（す）","余地（よち）・余興（よきょう）・残余（ざんよ）","人","","","未校正",""
"容","5年","6級から","10","ヨウ","","内容（ないよう）・容疑（ようぎ）・容易（ようい）・容器（ようき）・容姿（ようし）","宀","","","未校正",""
"略","5年","6級から","11","リャク","","省略（しょうりゃく）・策略（さくりゃく）・計略（けいりゃく）","田","","","未校正",""
"留","5年","6級から","10","リュウ・ル","と（める）・と（まる）","留学（りゅうがく）・留意（りゅうい）・残留（ざんりゅう）・留守（るす）・保留（ほりゅう）","田","","","未校正","止める・泊める・止まる・泊まる"
"領","5年","6級から","14","リョウ","","大統領（だいとうりょう）・要領（ようりょう）・領土（りょうど）・横領（おうりょう）","頁","","","未校正",""
"歴","5年","6級から","14","レキ","","歴史（れきし）・経歴（けいれき）・歴訪（れきほう）・来歴（らいれき）","","","","未校正",""
"胃","6年","5級から","9","イ","","胃腸（いちょう）・胃下垂（いかすい）・胃酸（いさん）・胃弱（いじゃく）","","","","未校正",""
"異","6年","5級から","11","イ","こと","異議（いぎ）・差異（さい）・異論（いろん）・異変（いへん）・異口同音（いくどうおん）","田","","","未校正",""
"遺","6年","5級から","15","イ・ユイ","","遺産（いさん）・遺言（ゆいごん）・遺失（いしつ）","⻌","辶","","未校正",""
"域","6年","5級から","11","イキ","","地域（ちいき）・区域（くいき）・域内（いきない）","土","","","未校正",""
"宇","6年","5級から","6","ウ","","宇宙（うちゅう）・気宇（きう）・堂宇（どうう）","宀","","","未校正",""
"映","6年","5級から","9","エイ","うつ（る）・うつ（す）・は（える）","映画（えいが）・反映（はんえい）・上映（じょうえい）・映写（えいしゃ）","日","","","未校正","写る・写す・栄える"
"延","6年","5級から","8","エン","の（びる）・の（べる）・の（ばす）","延長（えんちょう）・延期（えんき）","廴","","","未校正","伸びる・伸べる・伸ばす"
"沿","6年","5級から","8","エン","そ（う）","沿線（えんせん）・沿革（えんかく）・沿海（えんかい）","氵","水","","未校正","添う"
"恩","6年","5級から","10","オン","","恩人（おんじん）・恩情（おんじょう）・謝恩（しゃおん）","心","","","未校正",""
"我","6年","5級から","7","ガ","われ・わ","自我（じが）・我流（がりゅう）","","","","未校正",""
"灰","6年","5級から","6","カイ","はい","灰色（はいいろ）・灰皿（はいざら）・石灰（せっかい）・火山灰（かざんばい）・灰白色（かいはくしょく）","","","","未校正",""
"拡","6年","5級から","8","カク","","拡大（かくだい）・拡張（かくちょう）・拡声器（かくせいき）","扌","手","","未校正",""
"革","6年","5級から","9","カク","かわ","改革（かいかく）・革新（かくしん）・沿革（えんかく）・皮革（ひかく）","革","","","未校正","皮"
"閣","6年","5級から","14","カク","","内閣（ないかく）・閣議（かくぎ）","門","","","未校正",""
"割","6年","5級から","12","カツ","わ（る）・わり・わ（れる）・さ（く）","割合（わりあい）・分割（ぶんかつ）・割愛（かつあい）・五割（ごわり）","刂","刀","","未校正","裂く"
"株","6年","5級から","10","","かぶ","株式（かぶしき）・古株（ふるかぶ）","木","","","未校正",""
"干","6年","5級から","3","カン","ほ（す）・ひる","若干（じゃっかん）・干潟（ひがた）・干物（ほしもの）・干潮（かんちょう）","干","","","未校正",""
"巻","6年","5級から","9","カン","ま（く）・まき","圧巻（あっかん）・巻頭（かんとう）・一巻（いっかん）","己","","","未校正",""
"看","6年","5級から","9","カン","","看板（かんばん）・看護（かんご）・看病（かんびょう）・看破（かんぱ）","","","","未校正",""
"簡","6年","5級から","18","カン","","簡単（かんたん）・簡易（かんい）・書簡（しょかん）・簡便（かんべん）","竹","","","未校正",""
"危","6年","5級から","6","キ","あぶ（ない）・あや（うい）・あや（ぶむ）","危険（きけん）・危機（きき）・危害（きがい）・安危（あんき）","","","","未校正",""
"机","6年","5級から","6","キ","つくえ","机上（きじょう）・机辺（きへん）","木","","","未校正",""
"揮","6年","5級から","12","キ","","発揮（はっき）・指揮（しき）・揮発油（きはつゆ）","扌","手","","未校正",""
"貴","6年","5級から","12","キ","たっと（い）・とうと（い）・たっと（ぶ）・とうと（ぶ）","貴重（きちょう）・貴下（きか）・富貴（ふうき）","貝","","","未校正","尊い・尊い・尊ぶ・尊ぶ"
"疑","6年","5級から","14","ギ","うたが（う）","疑問（ぎもん）・容疑（ようぎ）・疑念（ぎねん）・疑似（ぎじ）","","","","未校正",""
"吸","6年","5級から","6","キュウ","す（う）","呼吸（こきゅう）・吸収（きゅうしゅう）・吸入（きゅうにゅう）","口","","","未校正",""
"供","6年","5級から","8","キョウ・ク","そな（える）・とも","子供（こども）・提供（ていきょう）・供給（きょうきゅう）・供養（くよう）・自供（じきょう）","亻","人","","未校正","備える"
"胸","6年","5級から","10","キョウ","むね・むな","度胸（どきょう）・胸中（きょうちゅう）・胸囲（きょうい）・胸板（むないた）・胸毛（むなげ）","月","肉","","未校正",""
"郷","6年","5級から","11","キョウ・ゴウ","","故郷（くに）・郷土（きょうど）・郷里（きょうり）・望郷（ぼうきょう）・異郷（いきょう）","⻏","邑","","未校正",""
"勤","6年","5級から","12","キン・ゴン","つと（める）・つと（まる）","勤務（きんむ）・出勤（しゅっきん）・勤勉（きんべん）・勤行（ごんぎょう）・忠勤（ちゅうきん）","力","","","未校正","努める・務める・務まる"
"筋","6年","5級から","12","キン","すじ","筋肉（きんにく）・鉄筋（てっきん）・一筋（ひとすじ）・大筋（おおすじ）・筋骨（きんこつ）","竹","","","未校正",""
"系","6年","5級から","7","ケイ","","体系（たいけい）・系統（けいとう）・系列（けいれつ）","","","","未校正",""
"敬","6年","5級から","12","ケイ","うやま（う）","尊敬（そんけい）・敬意（けいい）・敬遠（けいえん）・敬服（けいふく）","攵","攴","","未校正",""
"警","6年","5級から","19","ケイ","","警察（けいさつ）・警告（けいこく）・警笛（けいてき）・警察署（けいさつしょ）","言","","","未校正",""
"劇","6年","5級から","15","ゲキ","","劇場（げきじょう）・演劇（えんげき）・悲劇（ひげき）・喜劇（きげき）・劇薬（げきやく）","","","","未校正",""
"激","6年","5級から","16","ゲキ","はげ（しい）","感激（かんげき）・激動（げきどう）・激増（げきぞう）","氵","水","","未校正",""
"穴","6年","5級から","5","ケツ","あな","墓穴（ぼけつ）・穴居（けっきょ）・節穴（ふしあな）","穴","","","未校正",""
"券","6年","5級から","8","ケン","","旅券（りょけん）・乗車券（じょうしゃけん）・郵券（ゆうけん）","刀","","","未校正",""
"絹","6年","5級から","13","ケン","きぬ","絹布（けんぷ）・人絹（じんけん）","糸","","","未校正",""
"権","6年","5級から","15","ケン・ゴン","","権利（けんり）・人権（じんけん）・権力（けんりょく）・主権（しゅけん）・権現（ごんげん）","木","","","未校正",""
"憲","6年","5級から","16","ケン","","憲法（けんぽう）・憲章（けんしょう）・官憲（かんけん）","","","","未校正",""
"源","6年","5級から","13","ゲン","みなもと","資源（しげん）・起源（きげん）・源泉（げんせん）・水源（すいげん）","氵","水","","未校正",""
"厳","6年","5級から","17","ゲン・ゴン","おごそか・きび（しい）","厳密（げんみつ）・厳格（げんかく）・厳重（げんじゅう）・厳禁（げんきん）・厳寒（げんかん）","","","","未校正",""
"己","6年","5級から","3","コ・キ","おのれ","自己（じこ）・利己（りこ）・知己（ちき）","己","","","未校正",""
"呼","6年","5級から","8","コ","よ（ぶ）","呼吸（こきゅう）・呼応（こおう）・点呼（てんこ）","口","","","未校正",""
"誤","6年","5級から","14","ゴ","あやま（る）","誤解（ごかい）・誤差（ごさ）・誤植（ごしょく）・正誤（せいご）","言","","","未校正",""
"后","6年","5級から","6","コウ","","皇后（こうごう）・皇太后（こうたいごう）","","","","未校正",""
"孝","6年","5級から","7","コウ","","孝行（こうこう）・孝心（こうしん）・不孝（ふこう）","","","","未校正",""
"皇","6年","5級から","9","コウ・オウ","","皇室（こうしつ）・皇太子（こうたいし）・皇后（こうごう）・法皇（ほうおう）・皇太后（こうたいごう）","白","","","未校正",""
"紅","6年","5級から","9","コウ・ク","べに・くれない","紅茶（こうちゃ）・紅葉（もみじ）・紅白（こうはく）・口紅（くちべに）・真紅（しんく）","糸","","","未校正",""
"降","6年","5級から","10","コウ","お（りる）・お（ろす）・ふ（る）","下降（かこう）・降雨（こうう）・降雪（こうせつ）・降参（こうさん）","⻖","阜","","未校正","下りる・下ろす・卸す"
"鋼","6年","5級から","16","コウ","はがね","鋼鉄（こうてつ）・鋼材（こうざい）・製鋼（せいこう）","金","","","未校正",""
"刻","6年","5級から","8","コク","きざ（む）","時刻（じこく）・深刻（しんこく）・後刻（ごこく）","刂","刀","","未校正",""
"穀","6年","5級から","14","コク","","穀物（こくもつ）・雑穀（ざっこく）・五穀（ごこく）・穀倉（こくそう）","","","","未校正",""
"骨","6年","5級から","10","コツ","ほね","骨子（こっし）・筋骨（きんこつ）・老骨（ろうこつ）","骨","","","未校正",""
"困","6年","5級から","7","コン","こま（る）","困難（こんなん）・貧困（ひんこん）","囗","","","未校正",""
"砂","6年","5級から","9","サ・シャ","すな","砂糖（さとう）・土砂（どしゃ）・砂場（すなば）・白砂青松（はくしゃせいしょう）","石","","","未校正",""
"座","6年","5級から","10","ザ","すわ（る）","座席（ざせき）・星座（せいざ）・座談（ざだん）・一座（いちざ）・玉座（ぎょくざ）","广","","","未校正","据わる"
"済","6年","5級から","11","サイ","す（む）・す（ます）","経済（けいざい）・救済（きゅうさい）・返済（へんさい）","氵","水","","未校正",""
"裁","6年","5級から","12","サイ","た（つ）・さば（く）","裁判（さいばん）・仲裁（ちゅうさい）・体裁（ていさい）","","","","未校正","断つ・絶つ"
"策","6年","5級から","12","サク","","政策（せいさく）・対策（たいさく）・策略（さくりゃく）・術策（じゅっさく）","竹","","","未校正",""
"冊","6年","5級から","5","サツ・サク","","冊子（さっし）・別冊（べっさつ）・短冊（たんざく）","","","","未校正",""
"蚕","6年","5級から","10","サン","かいこ","養蚕（ようさん）・蚕糸（さんし）・蚕食（さんしょく）","","","","未校正",""
"至","6年","5級から","6","シ","いた（る）","至極（しごく）・夏至（げし）・冬至（とうじ）・至誠（しせい）・至当（しとう）","至","","","未校正",""
"私","6年","5級から","7","シ","わたくし・わたし","私立（しりつ）・公私（こうし）・私財（しざい）・私腹（しふく）","禾","","","未校正",""
"姿","6年","5級から","9","シ","すがた","姿勢（しせい）・容姿（ようし）","女","","","未校正",""
"視","6年","5級から","11","シ","","視覚（しかく）・視力（しりょく）・注視（ちゅうし）","","","","未校正",""
"詞","6年","5級から","12","シ","","歌詞（かし）・作詞（さくし）・品詞（ひんし）","言","","","未校正",""
"誌","6年","5級から","14","シ","","雑誌（ざっし）・日誌（にっし）・誌面（しめん）","言","","","未校正",""
"磁","6年","5級から","14","ジ","","磁気（じき）・磁石（じしゃく）","石","","","未校正",""
"射","6年","5級から","10","シャ","い（る）","発射（はっしゃ）・日射病（にっしゃびょう）・反射鏡（はんしゃきょう）","","","","未校正",""
"捨","6年","5級から","11","シャ","す（てる）","捨象（しゃしょう）・喜捨（きしゃ）・取捨（しゅしゃ）","扌","手","","未校正",""
"尺","6年","5級から","4","シャク","","尺度（しゃくど）","尸","","","未校正",""
"若","6年","5級から","8","ジャク・ニャク","わか（い）・も（しくは）","若者（わかもの）・若干（じゃっかん）・若年（じゃくねん）・自若（じじゃく）・老若（ろうにゃく）","艹","艸","","未校正",""
"樹","6年","5級から","16","ジュ","","樹木（じゅもく）・樹立（じゅりつ）・植樹（しょくじゅ）・街路樹（がいろじゅ）・樹皮（じゅひ）","木","","","未校正",""
"収","6年","5級から","4","シュウ","おさ（める）・おさ（まる）","収入（しゅうにゅう）・回収（かいしゅう）・買収（ばいしゅう）・吸収（きゅうしゅう）・収納（しゅうのう）","又","","","未校正","納める・納まる"
"宗","6年","5級から","8","シュウ・ソウ","","宗教（しゅうきょう）・宗派（しゅうは）・改宗（かいしゅう）・宗家（そうけ）","宀","","","未校正",""
"就","6年","5級から","12","シュウ・ジュ","つ（く）・つ（ける）","就職（しゅうしょく）・就任（しゅうにん）・成就（じょうじゅ）・就航（しゅうこう）・去就（きょしゅう）","","","","未校正","着く・付く・着ける・付ける"
"衆","6年","5級から","12","シュウ・シュ","","大衆（たいしゅう）・民衆（みんしゅう）・衆生（しゅじょう）","血","","","未校正",""
"従","6年","5級から","10","ジュウ・ショウ・ジュ","したが（う）・したが（える）","従事（じゅうじ）・従属（じゅうぞく）・服従（ふくじゅう）・従順（じゅうじゅん）・従容（しょうよう）","彳","","","未校正",""
"縦","6年","5級から","16","ジュウ","たて","操縦（そうじゅう）・縦横（じゅうおう）・縦断（じゅうだん）","糸","","","未校正",""
"縮","6年","5級から","17","シュク","ちぢ（む）・ちぢ（まる）・ちぢ（める）・ちぢ（れる）・ちぢ（らす）","縮小（しゅくしょう）・短縮（たんしゅく）・縮図（しゅくず）","糸","","","未校正",""
"熟","6年","5級から","15","ジュク","う（れる）","成熟（せいじゅく）・熟練（じゅくれん）・円熟（えんじゅく）","灬","火","","未校正",""
"純","6年","5級から","10","ジュン","","純真（じゅんしん）・不純（ふじゅん）・純潔（じゅんけつ）・純金（じゅんきん）・純綿（じゅんめん）","糸","","","未校正",""
"処","6年","5級から","5","ショ","","処置（しょち）・処女（しょじょ）・仮処分（かりしょぶん）・善処（ぜんしょ）・処世（しょせい）","","","","未校正",""
"署","6年","5級から","13","ショ","","署名（しょめい）・署長（しょちょう）・警察署（けいさつしょ）","罒","网","","未校正",""
"諸","6年","5級から","15","ショ","","諸国（しょこく）・諸君（しょくん）・諸姉（しょし）","言","","","未校正",""
"除","6年","5級から","10","ジョ・ジ","のぞ（く）","解除（かいじょ）・除去（じょきょ）・除外（じょがい）・除数（じょすう）","⻖","阜","","未校正",""
"承","6年","5級から","8","ショウ","うけたまわ（る）","承知（しょうち）・承認（しょうにん）","","","","未校正",""
"将","6年","5級から","10","ショウ","","将来（しょうらい）・大将（たいしょう）・将校（しょうこう）","","","","未校正",""
"傷","6年","5級から","13","ショウ","きず・いた（む）・いた（める）","負傷（ふしょう）・傷害（しょうがい）・感傷（かんしょう）・古傷（ふるきず）","亻","人","","未校正","痛む・悼む・痛める"
"障","6年","5級から","14","ショウ","さわ（る）","障害（しょうがい）・故障（こしょう）・支障（ししょう）・障子（しょうじ）","⻖","阜","","未校正",""
"蒸","6年","5級から","13","ジョウ","む（す）・む（れる）・む（らす）","蒸気（じょうき）・蒸発（じょうはつ）","艹","艸","","未校正",""
"針","6年","5級から","10","シン","はり","針金（はりがね）・秒針（びょうしん）・運針（うんしん）・針路（しんろ）","金","","","未校正",""
"仁","6年","5級から","4","ジン・ニ","","仁義（じんぎ）・仁王（におう）・仁術（じんじゅつ）","亻","人","","未校正",""
"垂","6年","5級から","8","スイ","た（れる）・た（らす）","垂直（すいちょく）・胃下垂（いかすい）","","","","未校正",""
"推","6年","5級から","11","スイ","お（す）","推進（すいしん）・推測（すいそく）・推移（すいい）","扌","手","","未校正","押す"
"寸","6年","5級から","3","スン","","寸法（すんぽう）・一寸先（いっすんさき）・寸志（すんし）・寸秒（すんびょう）","寸","","","未校正",""
"盛","6年","5級から","11","セイ・ジョウ","も（る）・さかる・さかん","盛大（せいだい）・全盛（ぜんせい）・盛夏（せいか）","皿","","","未校正",""
"聖","6年","5級から","13","セイ","","聖書（せいしょ）・神聖（しんせい）・聖人（せいじん）","","","","未校正",""
"誠","6年","5級から","13","セイ","まこと","誠実（せいじつ）・誠意（せいい）・至誠（しせい）・誠忠（せいちゅう）","言","","","未校正",""
"舌","6年","5級から","6","ゼツ","した","毒舌（どくぜつ）・筆舌（ひつぜつ）・二枚舌（にまいじた）・弁舌（べんぜつ）","舌","","","未校正",""
"宣","6年","5級から","9","セン","","宣言（せんげん）・宣伝（せんでん）","宀","","","未校正",""
"専","6年","5級から","9","セン","もっぱ（ら）","専門（せんもん）・専用（せんよう）・専属（せんぞく）・専横（せんおう）","寸","","","未校正",""
"泉","6年","5級から","9","セン","いずみ","温泉（おんせん）・源泉（げんせん）・泉水（せんすい）","","","","未校正",""
"洗","6年","5級から","9","セン","あら（う）","洗練（せんれん）・洗面（せんめん）","氵","水","","未校正",""
"染","6年","5級から","9","セン","そ（める）・そ（まる）・し（みる）・し（み）","染色（せんしょく）・染料（せんりょう）・染織（せんしょく）","木","","","未校正",""
"銭","6年","5級から","14","セン","ぜに","金銭（きんせん）・小銭（こぜに）・銭湯（せんとう）","金","","","未校正",""
"善","6年","5級から","12","ゼン","よ（い）","善悪（ぜんあく）・善処（ぜんしょ）・善男善女（ぜんなんぜんにょ）","","","","未校正","良い"
"奏","6年","5級から","9","ソウ","かな（でる）","演奏（えんそう）・合奏（がっそう）・奏楽（そうがく）","大","","","未校正",""
"窓","6年","5級から","11","ソウ","まど","窓口（まどぐち）・車窓（しゃそう）・窓際（まどぎわ）・出窓（でまど）・深窓（しんそう）","穴","","","未校正",""
"創","6年","5級から","12","ソウ","つく（る）","創造（そうぞう）・独創（どくそう）・刀創（とうそう）","刂","刀","","未校正","作る・造る"
"装","6年","5級から","12","ソウ・ショウ","よそお（う）","装置（そうち）・衣装（いしょう）・服装（ふくそう）・仮装（かそう）・変装（へんそう）","衣","","","未校正",""
"層","6年","5級から","14","ソウ","","高層（こうそう）・断層（だんそう）・沖積層（ちゅうせきそう）・層雲（そううん）","尸","","","未校正",""
"操","6年","5級から","16","ソウ","みさお・あやつ（る）","操作（そうさ）・操縦（そうじゅう）・節操（せっそう）","扌","手","","未校正",""
"蔵","6年","5級から","15","ゾウ","くら","貯蔵（ちょぞう）・蔵書（ぞうしょ）・酒蔵（さかぐら）・土蔵（どぞう）","艹","艸","","未校正","倉"
"臓","6年","5級から","19","ゾウ","","心臓（しんぞう）・臓器（ぞうき）・内臓（ないぞう）・肺臓（はいぞう）","月","肉","","未校正",""
"存","6年","5級から","6","ソン・ゾン","","存在（そんざい）・保存（ほぞん）・存続（そんぞく）・存分（ぞんぶん）・存亡（そんぼう）","子","","","未校正",""
"尊","6年","5級から","12","ソン","たっと（い）・とうと（い）・たっと（ぶ）・とうと（ぶ）","尊敬（そんけい）・本尊（ほんぞん）・尊大（そんだい）","","","","未校正","貴い・貴い・貴ぶ・貴ぶ"
"退","6年","5級から","9","タイ","しりぞ（く）・しりぞ（ける）","引退（いんたい）・進退（しんたい）","⻌","辶","","未校正",""
"宅","6年","5級から","6","タク","","自宅（じたく）・帰宅（きたく）・在宅（ざいたく）・宅地（たくち）","宀","","","未校正",""
"担","6年","5級から","8","タン","かつ（ぐ）・にな（う）","担当（たんとう）・負担（ふたん）・担保（たんぽ）","扌","手","","未校正",""
"探","6年","5級から","11","タン","さぐ（る）・さが（す）","探求（たんきゅう）・探知（たんち）・探訪（たんぼう）","扌","手","","未校正","捜す"
"誕","6年","5級から","15","タン","","誕生（たんじょう）・生誕（せいたん）","言","","","未校正",""
"段","6年","5級から","9","ダン","","手段（しゅだん）・値段（ねだん）・階段（かいだん）・段落（だんらく）","殳","","","未校正",""
"暖","6年","5級から","13","ダン","あたたか・あたた（かい）・あたた（まる）・あたた（める）","温暖（おんだん）・寒暖計（かんだんけい）・暖流（だんりゅう）","日","","","未校正","温か・温かい・温まる・温める"
"値","6年","5級から","10","チ","ね・あたい","価値（かち）・値段（ねだん）・数値（すうち）・絶対値（ぜったいち）","亻","人","","未校正","価"
"宙","6年","5級から","8","チュウ","","宇宙（うちゅう）","宀","","","未校正",""
"忠","6年","5級から","8","チュウ","","忠実（ちゅうじつ）・誠忠（せいちゅう）・忠勤（ちゅうきん）","心","","","未校正",""
"著","6年","5級から","11","チョ","あらわ（す）・いちじる（しい）","著作（ちょさく）・著名（ちょめい）・著述（ちょじゅつ）","艹","艸","","未校正","表す・現す"
"庁","6年","5級から","5","チョウ","","官庁（かんちょう）・県庁（けんちょう）・庁舎（ちょうしゃ）","广","","","未校正",""
"頂","6年","5級から","11","チョウ","いただ（く）・いただき","頂点（ちょうてん）・頂上（ちょうじょう）・絶頂（ぜっちょう）","頁","","","未校正",""
"腸","6年","5級から","13","チョウ","","胃腸（いちょう）・大腸（だいちょう）","月","肉","","未校正",""
"潮","6年","5級から","15","チョウ","しお","風潮（ふうちょう）・潮流（ちょうりゅう）・潮風（しおかぜ）・満潮（まんちょう）・干潮（かんちょう）","氵","水","","未校正",""
"賃","6年","5級から","13","チン","","賃金（ちんぎん）・賃貸（ちんたい）・運賃（うんちん）・船賃（ふなちん）","貝","","","未校正",""
"痛","6年","5級から","12","ツウ","いた（い）・いた（む）・いた（める）","苦痛（くつう）・頭痛（ずつう）・痛快（つうかい）・心痛（しんつう）・痛飲（つういん）","疒","","","未校正","傷む・悼む・傷める"
"敵","6年","5級から","15","テキ","かたき","敵意（てきい）・敵役（かたきやく）・好敵手（こうてきしゅ）・商売敵（しょうばいがたき）・敵方（てきがた）","攵","攴","","未校正",""
"展","6年","5級から","10","テン","","展開（てんかい）・発展（はってん）・展示（てんじ）・展覧（てんらん）","尸","","","未校正",""
"討","6年","5級から","10","トウ","う（つ）","検討（けんとう）・討論（とうろん）","言","","","未校正","打つ・撃つ"
"党","6年","5級から","10","トウ","","政党（せいとう）・党派（とうは）・徒党（ととう）","","","","未校正",""
"糖","6年","5級から","16","トウ","","砂糖（さとう）・糖分（とうぶん）・製糖（せいとう）","米","","","未校正",""
"届","6年","5級から","8","","とど（ける）・とど（く）","届出（とどけで）","尸","","","未校正",""
"難","6年","5級から","18","ナン","かたい・むずか（しい）","困難（こんなん）・非難（ひなん）・難易（なんい）・災難（さいなん）","隹","","","未校正",""
"乳","6年","5級から","8","ニュウ","ちち・ち","牛乳（ぎゅうにゅう）・乳児（にゅうじ）・乳首（ちくび）・乳歯（にゅうし）・乳液（にゅうえき）","乙","","","未校正",""
"認","6年","5級から","14","ニン","みと（める）","確認（かくにん）・認識（にんしき）・承認（しょうにん）・否認（ひにん）","言","","","未校正",""
"納","6年","5級から","10","ノウ・ナッ・ナ・ナン・トウ","おさ（める）・おさ（まる）","納得（なっとく）・収納（しゅうのう）・納豆（なっとう）・納入（のうにゅう）・出納（すいとう）","糸","","","未校正","収める・収まる"
"脳","6年","5級から","11","ノウ","","首脳（しゅのう）・頭脳（ずのう）","月","肉","","未校正",""
"派","6年","5級から","9","ハ","","派生（はせい）・宗派（しゅうは）・右派（うは）・党派（とうは）・流派（りゅうは）","氵","水","","未校正",""
"拝","6年","5級から","8","ハイ","おが（む）","拝見（はいけん）・礼拝（れいはい）・三拝九拝（さんぱいきゅうはい）・拝礼（はいれい）","扌","手","","未校正",""
"背","6年","5級から","9","ハイ","せ・せい・そむ（く）・そむ（ける）","背景（はいけい）・背中（せなか）・背後（はいご）・上背（うわぜい）・背泳（はいえい）","月","肉","","未校正",""
"肺","6年","5級から","9","ハイ","","肺活量（はいかつりょう）・肺臓（はいぞう）","月","肉","","未校正",""
"俳","6年","5級から","10","ハイ","","俳優（はいゆう）・俳句（はいく）・俳味（はいみ）","亻","人","","未校正",""
"班","6年","5級から","10","ハン","","班長（はんちょう）・救護班（きゅうごはん）","王","玉","","未校正",""
"晩","6年","5級から","12","バン","","今晩（こんばん）・晩秋（ばんしゅう）・早晩（そうばん）・晩夏（ばんか）","日","","","未校正",""
"否","6年","5級から","7","ヒ","いな","否定（ひてい）・否認（ひにん）・可否（かひ）・安否（あんぴ）・適否（てきひ）","","","","未校正",""
"批","6年","5級から","7","ヒ","","批判（ひはん）・批評（ひひょう）","扌","手","","未校正",""
"秘","6年","5級から","10","ヒ","ひ（める）","秘密（ひみつ）・秘書（ひしょ）・神秘（しんぴ）・極秘（ごくひ）","禾","","","未校正",""
"俵","6年","5級から","10","ヒョウ","たわら","土俵（どひょう）・一俵（いっぴょう）・米俵（こめだわら）","亻","人","","未校正",""
"腹","6年","5級から","13","フク","はら","空腹（くうふく）・山腹（さんぷく）・私腹（しふく）・腹案（ふくあん）・腹芸（はらげい）","月","肉","","未校正",""
"奮","6年","5級から","16","フン","ふる（う）","興奮（こうふん）・奮起（ふんき）・奮発（ふんぱつ）","大","","","未校正","震う・振るう"
"並","6年","5級から","8","ヘイ","なみ・なら（べる）・なら（ぶ）・なら（びに）","並行（へいこう）・並列（へいれつ）・並木（なみき）・並立（へいりつ）","","","","未校正",""
"陛","6年","5級から","10","ヘイ","","陛下（へいか）","⻖","阜","","未校正",""
"閉","6年","5級から","11","ヘイ","と（じる）・と（ざす）・し（める）・し（まる）","閉店（へいてん）・密閉（みっぺい）・閉口（へいこう）","門","","","未校正","締める・締まる"
"片","6年","5級から","4","ヘン","かた","片手（かたて）・片方（かたほう）・断片（だんぺん）・破片（はへん）・片側（かたがわ）","片","","","未校正",""
"補","6年","5級から","12","ホ","おぎな（う）","候補（こうほ）・補足（ほそく）・補佐（ほさ）・補欠（ほけつ）","衤","衣","","未校正",""
"暮","6年","5級から","14","ボ","く（れる）・く（らす）","暮春（ぼしゅん）","","","","未校正",""
"宝","6年","5級から","8","ホウ","たから","宝石（ほうせき）・国宝（こくほう）・財宝（ざいほう）・子宝（こだから）・宝玉（ほうぎょく）","宀","","","未校正",""
"訪","6年","5級から","11","ホウ","おとず（れる）・たず（ねる）","訪問（ほうもん）・来訪（らいほう）・探訪（たんぼう）・歴訪（れきほう）","言","","","未校正","尋ねる"
"亡","6年","5級から","3","ボウ・モウ","な（い）","死亡（しぼう）・亡命（ぼうめい）・存亡（そんぼう）・亡者（もうじゃ）・亡父（ぼうふ）","亠","","","未校正","無い"
"忘","6年","5級から","7","ボウ","わす（れる）","忘年会（ぼうねんかい）・備忘（びぼう）","","","","未校正",""
"棒","6年","5級から","12","ボウ","","鉄棒（てつぼう）","木","","","未校正",""
"枚","6年","5級から","8","マイ","","枚数（まいすう）・枚挙（まいきょ）・大枚（たいまい）・二枚舌（にまいじた）","木","","","未校正",""
"幕","6年","5級から","13","マク・バク","","幕府（ばくふ）・幕末（ばくまつ）・暗幕（あんまく）・佐幕（さばく）・序幕（じょまく）","","","","未校正",""
"密","6年","5級から","11","ミツ","","秘密（ひみつ）・厳密（げんみつ）・精密（せいみつ）・綿密（めんみつ）・密閉（みっぺい）","宀","","","未校正",""
"盟","6年","5級から","13","メイ","","同盟（どうめい）・加盟（かめい）・連盟（れんめい）","皿","","","未校正",""
"模","6年","5級から","14","モ・ボ","","規模（きぼ）・模様（もよう）・模型（もけい）","木","","","未校正",""
"訳","6年","5級から","11","ヤク","わけ","通訳（つうやく）・内訳（うちわけ）・訳文（やくぶん）","言","","","未校正",""
"郵","6年","5級から","11","ユウ","","郵便（ゆうびん）・郵送（ゆうそう）・郵券（ゆうけん）","⻏","邑","","未校正",""
"優","6年","5級から","17","ユウ","やさ（しい）・すぐ（れる）","優勝（ゆうしょう）・俳優（はいゆう）・優良（ゆうりょう）・優勢（ゆうせい）・優良児（ゆうりょうじ）","亻","人","","未校正",""
"預","6年","5級から","13","ヨ","あず（ける）・あず（かる）","預金（よきん）","頁","","","未校正",""
"幼","6年","5級から","5","ヨウ","おさな（い）","幼児（おさなご）・幼虫（ようちゅう）・幼友達（おさなともだち）","幺","","","未校正",""
"欲","6年","5級から","11","ヨク","ほっ（する）・ほ（しい）","欲望（よくぼう）・食欲（しょくよく）・色欲（しきよく）・無欲（むよく）","","","","未校正",""
"翌","6年","5級から","11","ヨク","","翌年（よくねん）・翌春（よくしゅん）","羽","","","未校正",""
"乱","6年","5級から","7","ラン","みだ（れる）・みだ（す）","混乱（こんらん）・乱暴（らんぼう）・反乱（はんらん）・積乱雲（せきらんうん）・乱戦（らんせん）","","","","未校正",""
"卵","6年","5級から","7","ラン","たまご","産卵（さんらん）・卵巣（らんそう）・卵黄（らんおう）","","","","未校正",""
"覧","6年","5級から","17","ラン","","一覧（いちらん）・展覧（てんらん）・博覧（はくらん）・観覧（かんらん）・笑覧（しょうらん）","見","","","未校正",""
"裏","6年","5級から","13","リ","うら","裏側（うらがわ）・裏面（うらめん）・裏表（うらおもて）・表裏（ひょうり）・裏口（うらぐち）","","","","未校正",""
"律","6年","5級から","9","リツ・リチ","","法律（ほうりつ）・規律（きりつ）・律動（りつどう）","彳","","","未校正",""
"臨","6年","5級から","18","リン","のぞ（む）","臨時（りんじ）・君臨（くんりん）","臣","","","未校正",""
"朗","6年","5級から","10","ロウ","ほがらか","朗読（ろうどく）・明朗（めいろう）","月","肉","","未校正",""
"論","6年","5級から","15","ロン","","議論（ぎろん）・結論（けつろん）・論理（ろんり）・討論（とうろん）・言論（げんろん）","言","","","未校正",""
