"漢字","学年","画数","部首の候補","部首のもとの字","出どころ","正しい部首（ちがう場合だけ記入）","部首名（ひらがなで記入）"
"一","1年","1","一","","KanjiVGからの推定","",""
"右","1年","5","口","","KanjiVGからの推定","",""
"雨","1年","8","雨","","KanjiVGからの推定","",""
"円","1年","4","冂","","KanjiVGからの推定","",""
"王","1年","4","玉","","KanjiVGからの推定","",""
"音","1年","9","音","","KanjiVGからの推定","",""
"下","1年","3","一","","KanjiVGからの推定","",""
"火","1年","4","火","","KanjiVGからの推定","",""
"花","1年","7","艸","","KanjiVGからの推定","",""
"貝","1年","7","貝","","KanjiVGからの推定","",""
"学","1年","8","子","","KanjiVGからの推定","",""
"気","1年","6","气","","KanjiVGからの推定","",""
"九","1年","2","乙","","KanjiVGからの推定","",""
"休","1年","6","人","","KanjiVGからの推定","",""
"玉","1年","5","玉","","KanjiVGからの推定","",""
"金","1年","8","金","","KanjiVGからの推定","",""
"空","1年","8","穴","","KanjiVGからの推定","",""
"月","1年","4","月","","KanjiVGからの推定","",""
"犬","1年","4","犬","","KanjiVGからの推定","",""
"見","1年","7","見","","KanjiVGからの推定","",""
"五","1年","4","二","","KanjiVGからの推定","",""
"口","1年","3","口","","KanjiVGからの推定","",""
"校","1年","10","木","","KanjiVGからの推定","",""
"左","1年","5","工","","KanjiVGからの推定","",""
"三","1年","3","一","","KanjiVGからの推定","",""
"山","1年","3","山","","KanjiVGからの推定","",""
"子","1年","3","子","","KanjiVGからの推定","",""
"四","1年","5","囗","","KanjiVGからの推定","",""
"糸","1年","6","糸","","KanjiVGからの推定","",""
"字","1年","6","子","","KanjiVGからの推定","",""
"耳","1年","6","耳","","KanjiVGからの推定","",""
"七","1年","2","一","","KanjiVGからの推定","",""
"車","1年","7","車","","KanjiVGからの推定","",""
"手","1年","4","手","","KanjiVGからの推定","",""
"十","1年","2","十","","KanjiVGからの推定","",""
"出","1年","5","凵","","KanjiVGからの推定","",""
"女","1年","3","女","","KanjiVGからの推定","",""
"小","1年","3","小","","KanjiVGからの推定","",""
"上","1年","3","一","","KanjiVGからの推定","",""
"森","1年","12","木","","KanjiVGからの推定","",""
"人","1年","2","人","","KanjiVGからの推定","",""
"水","1年","4","水","","KanjiVGからの推定","",""
"正","1年","5","止","","KanjiVGからの推定","",""
"生","1年","5","生","","KanjiVGからの推定","",""
"青","1年","8","靑","","KanjiVGからの推定","",""
"夕","1年","3","夕","","KanjiVGからの推定","",""
"石","1年","5","石","","KanjiVGからの推定","",""
"赤","1年","7","赤","","KanjiVGからの推定","",""
"千","1年","3","十","","KanjiVGからの推定","",""
"川","1年","3","巛","","KanjiVGからの推定","",""
"先","1年","6","儿","","KanjiVGからの推定","",""
"早","1年","6","日","","KanjiVGからの推定","",""
"草","1年","9","艸","","KanjiVGからの推定","",""
"足","1年","7","足","","KanjiVGからの推定","",""
"村","1年","7","木","","KanjiVGからの推定","",""
"大","1年","3","大","","KanjiVGからの推定","",""
"男","1年","7","田","","KanjiVGからの推定","",""
"竹","1年","6","竹","","KanjiVGからの推定","",""
"中","1年","4","丨","","KanjiVGからの推定","",""
"虫","1年","6","虫","","KanjiVGからの推定","",""
"町","1年","7","田","","KanjiVGからの推定","",""
"天","1年","4","大","","KanjiVGからの推定","",""
"田","1年","5","田","","KanjiVGからの推定","",""
"土","1年","3","土","","KanjiVGからの推定","",""
"二","1年","2","二","","KanjiVGからの推定","",""
"日","1年","4","日","","KanjiVGからの推定","",""
"入","1年","2","入","","KanjiVGからの推定","",""
"年","1年","6","干","","KanjiVGからの推定","",""
"白","1年","5","白","","KanjiVGからの推定","",""
"八","1年","2","八","","KanjiVGからの推定","",""
"百","1年","6","白","","KanjiVGからの推定","",""
"文","1年","4","文","","KanjiVGからの推定","",""
"木","1年","4","木","","KanjiVGからの推定","",""
"本","1年","5","木","","KanjiVGからの推定","",""
"名","1年","6","口","","KanjiVGからの推定","",""
"目","1年","5","目","","KanjiVGからの推定","",""
"立","1年","5","立","","KanjiVGからの推定","",""
"力","1年","2","力","","KanjiVGからの推定","",""
"林","1年","8","木","","KanjiVGからの推定","",""
"六","1年","4","八","","KanjiVGからの推定","",""
"引","2年","4","弓","","KanjiVGからの推定","",""
"羽","2年","6","羽","","KanjiVGからの推定","",""
"雲","2年","12","雨","","KanjiVGからの推定","",""
"園","2年","13","囗","","KanjiVGからの推定","",""
"遠","2年","13","辵","","KanjiVGからの推定","",""
"何","2年","7","人","","KanjiVGからの推定","",""
"科","2年","9","禾","","KanjiVGからの推定","",""
"夏","2年","10","夂","","KanjiVGからの推定","",""
"家","2年","10","宀","","KanjiVGからの推定","",""
"歌","2年","14","欠","","KanjiVGからの推定","",""
"画","2年","8","田","","KanjiVGからの推定","",""
"回","2年","6","囗","","KanjiVGからの推定","",""
"会","2年","6","人","","KanjiVGからの推定","",""
"海","2年","9","水","","KanjiVGからの推定","",""
"絵","2年","12","糸","","KanjiVGからの推定","",""
"外","2年","5","夕","","KanjiVGからの推定","",""
"角","2年","7","角","","KanjiVGからの推定","",""
"楽","2年","13","木","","KanjiVGからの推定","",""
"活","2年","9","水","","KanjiVGからの推定","",""
"間","2年","12","門","","KanjiVGからの推定","",""
"丸","2年","3","丶","","KanjiVGからの推定","",""
"岩","2年","8","山","","KanjiVGからの推定","",""
"顔","2年","18","頁","","KanjiVGからの推定","",""
"汽","2年","7","水","","KanjiVGからの推定","",""
"記","2年","10","言","","KanjiVGからの推定","",""
"帰","2年","10","巾","","KanjiVGからの推定","",""
"弓","2年","3","弓","","KanjiVGからの推定","",""
"牛","2年","4","牛","","KanjiVGからの推定","",""
"魚","2年","11","魚","","KanjiVGからの推定","",""
"京","2年","8","亠","","KanjiVGからの推定","",""
"強","2年","11","弓","","KanjiVGからの推定","",""
"教","2年","11","攴","","KanjiVGからの推定","",""
"近","2年","7","辵","","KanjiVGからの推定","",""
"兄","2年","5","儿","","KanjiVGからの推定","",""
"形","2年","7","彡","","KanjiVGからの推定","",""
"計","2年","9","言","","KanjiVGからの推定","",""
"元","2年","4","儿","","KanjiVGからの推定","",""
"言","2年","7","言","","KanjiVGからの推定","",""
"原","2年","10","厂","","KanjiVGからの推定","",""
"戸","2年","4","戶","","KanjiVGからの推定","",""
"古","2年","5","口","","KanjiVGからの推定","",""
"午","2年","4","十","","KanjiVGからの推定","",""
"後","2年","9","彳","","KanjiVGからの推定","",""
"語","2年","14","言","","KanjiVGからの推定","",""
"工","2年","3","工","","KanjiVGからの推定","",""
"公","2年","4","八","","KanjiVGからの推定","",""
"広","2年","5","广","","KanjiVGからの推定","",""
"交","2年","6","亠","","KanjiVGからの推定","",""
"光","2年","6","儿","","KanjiVGからの推定","",""
"考","2年","6","老","","KanjiVGからの推定","",""
"行","2年","6","行","","KanjiVGからの推定","",""
"高","2年","10","高","","KanjiVGからの推定","",""
"黄","2年","11","黃","","KanjiVGからの推定","",""
"合","2年","6","口","","KanjiVGからの推定","",""
"谷","2年","7","谷","","KanjiVGからの推定","",""
"国","2年","8","囗","","KanjiVGからの推定","",""
"黒","2年","11","黑","","KanjiVGからの推定","",""
"今","2年","4","人","","KanjiVGからの推定","",""
"才","2年","3","手","","KanjiVGからの推定","",""
"細","2年","11","糸","","KanjiVGからの推定","",""
"作","2年","7","人","","KanjiVGからの推定","",""
"算","2年","14","竹","","KanjiVGからの推定","",""
"止","2年","4","止","","KanjiVGからの推定","",""
"市","2年","5","巾","","KanjiVGからの推定","",""
"矢","2年","5","矢","","KanjiVGからの推定","",""
"姉","2年","8","女","","KanjiVGからの推定","",""
"思","2年","9","心","","KanjiVGからの推定","",""
"紙","2年","10","糸","","KanjiVGからの推定","",""
"寺","2年","6","寸","","KanjiVGからの推定","",""
"自","2年","6","自","","KanjiVGからの推定","",""
"時","2年","10","日","","KanjiVGからの推定","",""
"室","2年","9","宀","","KanjiVGからの推定","",""
"社","2年","7","示","","KanjiVGからの推定","",""
"弱","2年","10","弓","","KanjiVGからの推定","",""
"首","2年","9","首","","KanjiVGからの推定","",""
"秋","2年","9","禾","","KanjiVGからの推定","",""
"週","2年","11","辵","","KanjiVGからの推定","",""
"春","2年","9","日","","KanjiVGからの推定","",""
"書","2年","10","曰","","KanjiVGからの推定","",""
"少","2年","4","小","","KanjiVGからの推定","",""
"場","2年","12","土","","KanjiVGからの推定","",""
"色","2年","6","色","","KanjiVGからの推定","",""
"食","2年","9","食","","KanjiVGからの推定","",""
"心","2年","4","心","","KanjiVGからの推定","",""
"新","2年","13","斤","","KanjiVGからの推定","",""
"親","2年","16","見","","KanjiVGからの推定","",""
"図","2年","7","囗","","KanjiVGからの推定","",""
"数","2年","13","攴","","KanjiVGからの推定","",""
"西","2年","6","襾","","KanjiVGからの推定","",""
"声","2年","7","士","","KanjiVGからの推定","",""
"星","2年","9","日","","KanjiVGからの推定","",""
"晴","2年","12","日","","KanjiVGからの推定","",""
"切","2年","4","刀","","KanjiVGからの推定","",""
"雪","2年","11","雨","","KanjiVGからの推定","",""
"船","2年","11","舟","","KanjiVGからの推定","",""
"線","2年","15","糸","","KanjiVGからの推定","",""
"前","2年","9","刀","","KanjiVGからの推定","",""
"組","2年","11","糸","","KanjiVGからの推定","",""
"走","2年","7","走","","KanjiVGからの推定","",""
"多","2年","6","夕","","KanjiVGからの推定","",""
"太","2年","4","大","","KanjiVGからの推定","",""
"体","2年","7","人","","KanjiVGからの推定","",""
"台","2年","5","口","","KanjiVGからの推定","",""
"地","2年","6","土","","KanjiVGからの推定","",""
"池","2年","6","水","","KanjiVGからの推定","",""
"知","2年","8","矢","","KanjiVGからの推定","",""
"茶","2年","9","艸","","KanjiVGからの推定","",""
"昼","2年","9","日","","KanjiVGからの推定","",""
"長","2年","8","長","","KanjiVGからの推定","",""
"鳥","2年","11","鳥","","KanjiVGからの推定","",""
"朝","2年","12","月","","KanjiVGからの推定","",""
"直","2年","8","目","","KanjiVGからの推定","",""
"通","2年","10","辵","","KanjiVGからの推定","",""
"弟","2年","7","弓","","KanjiVGからの推定","",""
"店","2年","8","广","","KanjiVGからの推定","",""
"点","2年","9","火","","KanjiVGからの推定","",""
"電","2年","13","雨","","KanjiVGからの推定","",""
"刀","2年","2","刀","","KanjiVGからの推定","",""
"冬","2年","5","冫","","KanjiVGからの推定","",""
"当","2年","6","彐","","KanjiVGからの推定","",""
"東","2年","8","木","","KanjiVGからの推定","",""
"答","2年","12","竹","","KanjiVGからの推定","",""
"頭","2年","16","頁","","KanjiVGからの推定","",""
"同","2年","6","口","","KanjiVGからの推定","",""
"道","2年","12","辵","","KanjiVGからの推定","",""
"読","2年","14","言","","KanjiVGからの推定","",""
"内","2年","4","冂","","KanjiVGからの推定","",""
"南","2年","9","十","","KanjiVGからの推定","",""
"肉","2年","6","肉","","KanjiVGからの推定","",""
"馬","2年","10","馬","","KanjiVGからの推定","",""
"売","2年","7","士","","KanjiVGからの推定","",""
"買","2年","12","貝","","KanjiVGからの推定","",""
"麦","2年","7","麥","","KanjiVGからの推定","",""
"半","2年","5","十","","KanjiVGからの推定","",""
"番","2年","12","田","","KanjiVGからの推定","",""
"父","2年","4","父","","KanjiVGからの推定","",""
"風","2年","9","風","","KanjiVGからの推定","",""
"分","2年","4","刀","","KanjiVGからの推定","",""
"聞","2年","14","耳","","KanjiVGからの推定","",""
"米","2年","6","米","","KanjiVGからの推定","",""
"歩","2年","8","止","","KanjiVGからの推定","",""
"母","2年","5","毋","","KanjiVGからの推定","",""
"方","2年","4","方","","KanjiVGからの推定","",""
"北","2年","5","匕","","KanjiVGからの推定","",""
"毎","2年","6","毋","","KanjiVGからの推定","",""
"妹","2年","8","女","","KanjiVGからの推定","",""
"万","2年","3","一","","KanjiVGからの推定","",""
"明","2年","8","日","","KanjiVGからの推定","",""
"鳴","2年","14","鳥","","KanjiVGからの推定","",""
"毛","2年","4","毛","","KanjiVGからの推定","",""
"門","2年","8","門","","KanjiVGからの推定","",""
"夜","2年","8","夕","","KanjiVGからの推定","",""
"野","2年","11","里","","KanjiVGからの推定","",""
"友","2年","4","又","","KanjiVGからの推定","",""
"用","2年","5","用","","KanjiVGからの推定","",""
"曜","2年","18","日","","KanjiVGからの推定","",""
"来","2年","7","木","","KanjiVGからの推定","",""
"里","2年","7","里","","KanjiVGからの推定","",""
"理","2年","11","玉","","KanjiVGからの推定","",""
"話","2年","13","言","","KanjiVGからの推定","",""
"悪","3年","11","心","","KanjiVGからの推定","",""
"安","3年","6","宀","","KanjiVGからの推定","",""
"暗","3年","13","日","","KanjiVGからの推定","",""
"医","3年","7","匸","","KanjiVGからの推定","",""
"委","3年","8","女","","KanjiVGからの推定","",""
"意","3年","13","心","","KanjiVGからの推定","",""
"育","3年","8","肉","","KanjiVGからの推定","",""
"員","3年","10","口","","KanjiVGからの推定","",""
"院","3年","10","阜","","KanjiVGからの推定","",""
"飲","3年","12","食","","KanjiVGからの推定","",""
"運","3年","12","辵","","KanjiVGからの推定","",""
"泳","3年","8","水","","KanjiVGからの推定","",""
"駅","3年","14","馬","","KanjiVGからの推定","",""
"央","3年","5","大","","KanjiVGからの推定","",""
"横","3年","15","木","","KanjiVGからの推定","",""
"屋","3年","9","尸","","KanjiVGからの推定","",""
"温","3年","12","水","","KanjiVGからの推定","",""
"化","3年","4","匕","","KanjiVGからの推定","",""
"荷","3年","10","艸","","KanjiVGからの推定","",""
"界","3年","9","田","","KanjiVGからの推定","",""
"開","3年","12","門","","KanjiVGからの推定","",""
"階","3年","12","阜","","KanjiVGからの推定","",""
"寒","3年","12","宀","","KanjiVGからの推定","",""
"感","3年","13","心","","KanjiVGからの推定","",""
"漢","3年","13","水","","KanjiVGからの推定","",""
"館","3年","16","食","","KanjiVGからの推定","",""
"岸","3年","8","山","","KanjiVGからの推定","",""
"起","3年","10","走","","KanjiVGからの推定","",""
"期","3年","12","月","","KanjiVGからの推定","",""
"客","3年","9","宀","","KanjiVGからの推定","",""
"究","3年","7","穴","","KanjiVGからの推定","",""
"急","3年","9","心","","KanjiVGからの推定","",""
"級","3年","9","糸","","KanjiVGからの推定","",""
"宮","3年","10","宀","","KanjiVGからの推定","",""
"球","3年","11","玉","","KanjiVGからの推定","",""
"去","3年","5","厶","","KanjiVGからの推定","",""
"橋","3年","16","木","","KanjiVGからの推定","",""
"業","3年","13","木","","KanjiVGからの推定","",""
"曲","3年","6","曰","","KanjiVGからの推定","",""
"局","3年","7","尸","","KanjiVGからの推定","",""
"銀","3年","14","金","","KanjiVGからの推定","",""
"区","3年","4","匸","","KanjiVGからの推定","",""
"苦","3年","8","艸","","KanjiVGからの推定","",""
"具","3年","8","八","","KanjiVGからの推定","",""
"君","3年","7","口","","KanjiVGからの推定","",""
"係","3年","9","人","","KanjiVGからの推定","",""
"軽","3年","12","車","","KanjiVGからの推定","",""
"血","3年","6","血","","KanjiVGからの推定","",""
"決","3年","7","水","","KanjiVGからの推定","",""
"研","3年","9","石","","KanjiVGからの推定","",""
"県","3年","9","目","","KanjiVGからの推定","",""
"庫","3年","10","广","","KanjiVGからの推定","",""
"湖","3年","12","水","","KanjiVGからの推定","",""
"向","3年","6","口","","KanjiVGからの推定","",""
"幸","3年","8","干","","KanjiVGからの推定","",""
"港","3年","12","水","","KanjiVGからの推定","",""
"号","3年","5","口","","KanjiVGからの推定","",""
"根","3年","10","木","","KanjiVGからの推定","",""
"祭","3年","11","示","","KanjiVGからの推定","",""
"皿","3年","5","皿","","KanjiVGからの推定","",""
"仕","3年","5","人","","KanjiVGからの推定","",""
"死","3年","6","歹","","KanjiVGからの推定","",""
"使","3年","8","人","","KanjiVGからの推定","",""
"始","3年","8","女","","KanjiVGからの推定","",""
"指","3年","9","手","","KanjiVGからの推定","",""
"歯","3年","12","止","","KanjiVGからの推定","",""
"詩","3年","13","言","","KanjiVGからの推定","",""
"次","3年","6","欠","","KanjiVGからの推定","",""
"事","3年","8","亅","","KanjiVGからの推定","",""
"持","3年","9","手","","KanjiVGからの推定","",""
"式","3年","6","弋","","KanjiVGからの推定","",""
"実","3年","8","宀","","KanjiVGからの推定","",""
"写","3年","5","冖","","KanjiVGからの推定","",""
"者","3年","8","老","","KanjiVGからの推定","",""
"主","3年","5","丶","","KanjiVGからの推定","",""
"守","3年","6","宀","","KanjiVGからの推定","",""
"取","3年","8","又","","KanjiVGからの推定","",""
"酒","3年","10","酉","","KanjiVGからの推定","",""
"受","3年","8","又","","KanjiVGからの推定","",""
"州","3年","6","巛","","KanjiVGからの推定","",""
"拾","3年","9","手","","KanjiVGからの推定","",""
"終","3年","11","糸","","KanjiVGからの推定","",""
"習","3年","11","羽","","KanjiVGからの推定","",""
"集","3年","12","隹","","KanjiVGからの推定","",""
"住","3年","7","人","","KanjiVGからの推定","",""
"重","3年","9","里","","KanjiVGからの推定","",""
"宿","3年","11","宀","","KanjiVGからの推定","",""
"所","3年","8","戶","","KanjiVGからの推定","",""
"暑","3年","12","日","","KanjiVGからの推定","",""
"助","3年","7","力","","KanjiVGからの推定","",""
"昭","3年","9","日","","KanjiVGからの推定","",""
"消","3年","10","水","","KanjiVGからの推定","",""
"商","3年","11","口","","KanjiVGからの推定","",""
"章","3年","11","立","","KanjiVGからの推定","",""
"勝","3年","12","力","","KanjiVGからの推定","",""
"乗","3年","9","丿","","KanjiVGからの推定","",""
"植","3年","12","木","","KanjiVGからの推定","",""
"申","3年","5","田","","KanjiVGからの推定","",""
"身","3年","7","身","","KanjiVGからの推定","",""
"神","3年","9","示","","KanjiVGからの推定","",""
"真","3年","10","目","","KanjiVGからの推定","",""
"深","3年","11","水","","KanjiVGからの推定","",""
"進","3年","11","辵","","KanjiVGからの推定","",""
"世","3年","5","一","","KanjiVGからの推定","",""
"整","3年","16","攴","","KanjiVGからの推定","",""
"昔","3年","8","日","","KanjiVGからの推定","",""
"全","3年","6","入","","KanjiVGからの推定","",""
"相","3年","9","目","","KanjiVGからの推定","",""
"送","3年","9","辵","","KanjiVGからの推定","",""
"想","3年","13","心","","KanjiVGからの推定","",""
"息","3年","10","心","","KanjiVGからの推定","",""
"速","3年","10","辵","","KanjiVGからの推定","",""
"族","3年","11","方","","KanjiVGからの推定","",""
"他","3年","5","人","","KanjiVGからの推定","",""
"打","3年","5","手","","KanjiVGからの推定","",""
"対","3年","7","寸","","KanjiVGからの推定","",""
"待","3年","9","彳","","KanjiVGからの推定","",""
"代","3年","5","人","","KanjiVGからの推定","",""
"第","3年","11","竹","","KanjiVGからの推定","",""
"題","3年","18","頁","","KanjiVGからの推定","",""
"炭","3年","9","火","","KanjiVGからの推定","",""
"短","3年","12","矢","","KanjiVGからの推定","",""
"談","3年","15","言","","KanjiVGからの推定","",""
"着","3年","12","目","","KanjiVGからの推定","",""
"注","3年","8","水","","KanjiVGからの推定","",""
"柱","3年","9","木","","KanjiVGからの推定","",""
"丁","3年","2","一","","KanjiVGからの推定","",""
"帳","3年","11","巾","","KanjiVGからの推定","",""
"調","3年","15","言","","KanjiVGからの推定","",""
"追","3年","9","辵","","KanjiVGからの推定","",""
"定","3年","8","宀","","KanjiVGからの推定","",""
"庭","3年","10","广","","KanjiVGからの推定","",""
"笛","3年","11","竹","","KanjiVGからの推定","",""
"鉄","3年","13","金","","KanjiVGからの推定","",""
"転","3年","11","車","","KanjiVGからの推定","",""
"都","3年","11","邑","","KanjiVGからの推定","",""
"度","3年","9","广","","KanjiVGからの推定","",""
"投","3年","7","手","","KanjiVGからの推定","",""
"豆","3年","7","豆","","KanjiVGからの推定","",""
"島","3年","10","山","","KanjiVGからの推定","",""
"湯","3年","12","水","","KanjiVGからの推定","",""
"登","3年","12","癶","","KanjiVGからの推定","",""
"等","3年","12","竹","","KanjiVGからの推定","",""
"動","3年","11","力","","KanjiVGからの推定","",""
"童","3年","12","立","","KanjiVGからの推定","",""
"農","3年","13","辰","","KanjiVGからの推定","",""
"波","3年","8","水","","KanjiVGからの推定","",""
"配","3年","10","酉","","KanjiVGからの推定","",""
"倍","3年","10","人","","KanjiVGからの推定","",""
"箱","3年","15","竹","","KanjiVGからの推定","",""
"畑","3年","9","田","","KanjiVGからの推定","",""
"発","3年","9","癶","","KanjiVGからの推定","",""
"反","3年","4","又","","KanjiVGからの推定","",""
"坂","3年","7","土","","KanjiVGからの推定","",""
"板","3年","8","木","","KanjiVGからの推定","",""
"皮","3年","5","皮","","KanjiVGからの推定","",""
"悲","3年","12","心","","KanjiVGからの推定","",""
"美","3年","9","羊","","KanjiVGからの推定","",""
"鼻","3年","14","鼻","","KanjiVGからの推定","",""
"筆","3年","12","竹","","KanjiVGからの推定","",""
"氷","3年","5","水","","KanjiVGからの推定","",""
"表","3年","8","衣","","KanjiVGからの推定","",""
"秒","3年","9","禾","","KanjiVGからの推定","",""
"病","3年","10","疒","","KanjiVGからの推定","",""
"品","3年","9","口","","KanjiVGからの推定","",""
"負","3年","9","貝","","KanjiVGからの推定","",""
"部","3年","11","邑","","KanjiVGからの推定","",""
"服","3年","8","月","","KanjiVGからの推定","",""
"福","3年","13","示","","KanjiVGからの推定","",""
"物","3年","8","牛","","KanjiVGからの推定","",""
"平","3年","5","干","","KanjiVGからの推定","",""
"返","3年","7","辵","","KanjiVGからの推定","",""
"勉","3年","10","力","","KanjiVGからの推定","",""
"放","3年","8","攴","","KanjiVGからの推定","",""
"味","3年","8","口","","KanjiVGからの推定","",""
"命","3年","8","口","","KanjiVGからの推定","",""
"面","3年","9","面","","KanjiVGからの推定","",""
"問","3年","11","口","","KanjiVGからの推定","",""
"役","3年","7","彳","","KanjiVGからの推定","",""
"薬","3年","16","艸","","KanjiVGからの推定","",""
"由","3年","5","田","","KanjiVGからの推定","",""
"油","3年","8","水","","KanjiVGからの推定","",""
"有","3年","6","月","","KanjiVGからの推定","",""
"遊","3年","12","辵","","KanjiVGからの推定","",""
"予","3年","4","亅","","KanjiVGからの推定","",""
"羊","3年","6","羊","","KanjiVGからの推定","",""
"洋","3年","9","水","","KanjiVGからの推定","",""
"葉","3年","12","艸","","KanjiVGからの推定","",""
"陽","3年","12","阜","","KanjiVGからの推定","",""
"様","3年","14","木","","KanjiVGからの推定","",""
"落","3年","12","艸","","KanjiVGからの推定","",""
"流","3年","10","水","","KanjiVGからの推定","",""
"旅","3年","10","方","","KanjiVGからの推定","",""
"両","3年","6","一","","KanjiVGからの推定","",""
"緑","3年","14","糸","","KanjiVGからの推定","",""
"礼","3年","5","示","","KanjiVGからの推定","",""
"列","3年","6","刀","","KanjiVGからの推定","",""
"練","3年","14","糸","","KanjiVGからの推定","",""
"路","3年","13","足","","KanjiVGからの推定","",""
"和","3年","8","口","","KanjiVGからの推定","",""
"愛","4年","13","心","","KanjiVGからの推定","",""
"案","4年","10","木","","KanjiVGからの推定","",""
"以","4年","5","人","","KanjiVGからの推定","",""
"衣","4年","6","衣","","KanjiVGからの推定","",""
"位","4年","7","人","","KanjiVGからの推定","",""
"茨","4年","9","艸","","KanjiVGからの推定","",""
"印","4年","6","卩","","KanjiVGからの推定","",""
"英","4年","8","艸","","KanjiVGからの推定","",""
"栄","4年","9","木","","KanjiVGからの推定","",""
"媛","4年","12","女","","KanjiVGからの推定","",""
"塩","4年","13","土","","KanjiVGからの推定","",""
"岡","4年","8","山","","KanjiVGからの推定","",""
"億","4年","15","人","","KanjiVGからの推定","",""
"加","4年","5","力","","KanjiVGからの推定","",""
"果","4年","8","木","","KanjiVGからの推定","",""
"貨","4年","11","貝","","KanjiVGからの推定","",""
"課","4年","15","言","","KanjiVGからの推定","",""
"芽","4年","8","艸","","KanjiVGからの推定","",""
"賀","4年","12","貝","","KanjiVGからの推定","",""
"改","4年","7","攴","","KanjiVGからの推定","",""
"械","4年","11","木","","KanjiVGからの推定","",""
"害","4年","10","宀","","KanjiVGからの推定","",""
"街","4年","12","行","","KanjiVGからの推定","",""
"各","4年","6","口","","KanjiVGからの推定","",""
"覚","4年","12","見","","KanjiVGからの推定","",""
"潟","4年","15","水","","KanjiVGからの推定","",""
"完","4年","7","宀","","KanjiVGからの推定","",""
"官","4年","8","宀","","KanjiVGからの推定","",""
"管","4年","14","竹","","KanjiVGからの推定","",""
"関","4年","14","門","","KanjiVGからの推定","",""
"観","4年","18","見","","KanjiVGからの推定","",""
"願","4年","19","頁","","KanjiVGからの推定","",""
"岐","4年","7","山","","KanjiVGからの推定","",""
"希","4年","7","巾","","KanjiVGからの推定","",""
"季","4年","8","子","","KanjiVGからの推定","",""
"旗","4年","14","方","","KanjiVGからの推定","",""
"器","4年","15","口","","KanjiVGからの推定","",""
"機","4年","16","木","","KanjiVGからの推定","",""
"議","4年","20","言","","KanjiVGからの推定","",""
"求","4年","7","水","","KanjiVGからの推定","",""
"泣","4年","8","水","","KanjiVGからの推定","",""
"給","4年","12","糸","","KanjiVGからの推定","",""
"挙","4年","10","手","","KanjiVGからの推定","",""
"漁","4年","14","水","","KanjiVGからの推定","",""
"共","4年","6","八","","KanjiVGからの推定","",""
"協","4年","8","十","","KanjiVGからの推定","",""
"鏡","4年","19","金","","KanjiVGからの推定","",""
"競","4年","20","立","","KanjiVGからの推定","",""
"極","4年","12","木","","KanjiVGからの推定","",""
"熊","4年","14","火","","KanjiVGからの推定","",""
"訓","4年","10","言","","KanjiVGからの推定","",""
"軍","4年","9","車","","KanjiVGからの推定","",""
"郡","4年","10","邑","","KanjiVGからの推定","",""
"群","4年","13","羊","","KanjiVGからの推定","",""
"径","4年","8","彳","","KanjiVGからの推定","",""
"景","4年","12","日","","KanjiVGからの推定","",""
"芸","4年","7","艸","","KanjiVGからの推定","",""
"欠","4年","4","欠","","KanjiVGからの推定","",""
"結","4年","12","糸","","KanjiVGからの推定","",""
"建","4年","9","廴","","KanjiVGからの推定","",""
"健","4年","11","人","","KanjiVGからの推定","",""
"験","4年","18","馬","","KanjiVGからの推定","",""
"固","4年","8","囗","","KanjiVGからの推定","",""
"功","4年","5","力","","KanjiVGからの推定","",""
"好","4年","6","女","","KanjiVGからの推定","",""
"香","4年","9","香","","KanjiVGからの推定","",""
"候","4年","10","人","","KanjiVGからの推定","",""
"康","4年","11","广","","KanjiVGからの推定","",""
"佐","4年","7","人","","KanjiVGからの推定","",""
"差","4年","10","工","","KanjiVGからの推定","",""
"菜","4年","11","艸","","KanjiVGからの推定","",""
"最","4年","12","曰","","KanjiVGからの推定","",""
"埼","4年","11","土","","KanjiVGからの推定","",""
"材","4年","7","木","","KanjiVGからの推定","",""
"崎","4年","11","山","","KanjiVGからの推定","",""
"昨","4年","9","日","","KanjiVGからの推定","",""
"札","4年","5","木","","KanjiVGからの推定","",""
"刷","4年","8","刀","","KanjiVGからの推定","",""
"察","4年","14","宀","","KanjiVGからの推定","",""
"参","4年","8","厶","","KanjiVGからの推定","",""
"産","4年","11","生","","KanjiVGからの推定","",""
"散","4年","12","攴","","KanjiVGからの推定","",""
"残","4年","10","歹","","KanjiVGからの推定","",""
"氏","4年","4","氏","","KanjiVGからの推定","",""
"司","4年","5","口","","KanjiVGからの推定","",""
"試","4年","13","言","","KanjiVGからの推定","",""
"児","4年","7","儿","","KanjiVGからの推定","",""
"治","4年","8","水","","KanjiVGからの推定","",""
"滋","4年","12","水","","KanjiVGからの推定","",""
"辞","4年","13","辛","","KanjiVGからの推定","",""
"鹿","4年","11","鹿","","KanjiVGからの推定","",""
"失","4年","5","大","","KanjiVGからの推定","",""
"借","4年","10","人","","KanjiVGからの推定","",""
"種","4年","14","禾","","KanjiVGからの推定","",""
"周","4年","8","口","","KanjiVGからの推定","",""
"祝","4年","9","示","","KanjiVGからの推定","",""
"順","4年","12","頁","","KanjiVGからの推定","",""
"初","4年","7","刀","","KanjiVGからの推定","",""
"松","4年","8","木","","KanjiVGからの推定","",""
"笑","4年","10","竹","","KanjiVGからの推定","",""
"唱","4年","11","口","","KanjiVGからの推定","",""
"焼","4年","12","火","","KanjiVGからの推定","",""
"照","4年","13","火","","KanjiVGからの推定","",""
"城","4年","9","土","","KanjiVGからの推定","",""
"縄","4年","15","糸","","KanjiVGからの推定","",""
"臣","4年","7","臣","","KanjiVGからの推定","",""
"信","4年","9","人","","KanjiVGからの推定","",""
"井","4年","4","二","","KanjiVGからの推定","",""
"成","4年","6","戈","","KanjiVGからの推定","",""
"省","4年","9","目","","KanjiVGからの推定","",""
"清","4年","11","水","","KanjiVGからの推定","",""
"静","4年","14","靑","","KanjiVGからの推定","",""
"席","4年","10","巾","","KanjiVGからの推定","",""
"積","4年","16","禾","","KanjiVGからの推定","",""
"折","4年","7","手","","KanjiVGからの推定","",""
"節","4年","13","竹","","KanjiVGからの推定","",""
"説","4年","14","言","","KanjiVGからの推定","",""
"浅","4年","9","水","","KanjiVGからの推定","",""
"戦","4年","13","戈","","KanjiVGからの推定","",""
"選","4年","15","辵","","KanjiVGからの推定","",""
"然","4年","12","火","","KanjiVGからの推定","",""
"争","4年","6","亅","","KanjiVGからの推定","",""
"倉","4年","10","人","","KanjiVGからの推定","",""
"巣","4年","11","巛","","KanjiVGからの推定","",""
"束","4年","7","木","","KanjiVGからの推定","",""
"側","4年","11","人","","KanjiVGからの推定","",""
"続","4年","13","糸","","KanjiVGからの推定","",""
"卒","4年","8","十","","KanjiVGからの推定","",""
"孫","4年","10","子","","KanjiVGからの推定","",""
"帯","4年","10","巾","","KanjiVGからの推定","",""
"隊","4年","12","阜","","KanjiVGからの推定","",""
"達","4年","12","辵","","KanjiVGからの推定","",""
"単","4年","9","十","","KanjiVGからの推定","",""
"置","4年","13","网","","KanjiVGからの推定","",""
"仲","4年","6","人","","KanjiVGからの推定","",""
"沖","4年","7","水","","KanjiVGからの推定","",""
"兆","4年","6","儿","","KanjiVGからの推定","",""
"低","4年","7","人","","KanjiVGからの推定","",""
"底","4年","8","广","","KanjiVGからの推定","",""
"的","4年","8","白","","KanjiVGからの推定","",""
"典","4年","8","八","","KanjiVGからの推定","",""
"伝","4年","6","人","","KanjiVGからの推定","",""
"徒","4年","10","彳","","KanjiVGからの推定","",""
"努","4年","7","力","","KanjiVGからの推定","",""
"灯","4年","6","火","","KanjiVGからの推定","",""
"働","4年","13","人","","KanjiVGからの推定","",""
"特","4年","10","牛","","KanjiVGからの推定","",""
"徳","4年","14","彳","","KanjiVGからの推定","",""
"栃","4年","9","木","","KanjiVGからの推定","",""
"奈","4年","8","大","","KanjiVGからの推定","",""
"梨","4年","11","木","","KanjiVGからの推定","",""
"熱","4年","15","火","","KanjiVGからの推定","",""
"念","4年","8","心","","KanjiVGからの推定","",""
"敗","4年","11","攴","","KanjiVGからの推定","",""
"梅","4年","10","木","","KanjiVGからの推定","",""
"博","4年","12","十","","KanjiVGからの推定","",""
"阪","4年","7","阜","","KanjiVGからの推定","",""
"飯","4年","12","食","","KanjiVGからの推定","",""
"飛","4年","9","飛","","KanjiVGからの推定","",""
"必","4年","5","心","","KanjiVGからの推定","",""
"票","4年","11","示","","KanjiVGからの推定","",""
"標","4年","15","木","","KanjiVGからの推定","",""
"不","4年","4","一","","KanjiVGからの推定","",""
"夫","4年","4","大","","KanjiVGからの推定","",""
"付","4年","5","人","","KanjiVGからの推定","",""
"府","4年","8","广","","KanjiVGからの推定","",""
"阜","4年","8","阜","","KanjiVGからの推定","",""
"富","4年","12","宀","","KanjiVGからの推定","",""
"副","4年","11","刀","","KanjiVGからの推定","",""
"兵","4年","7","八","","KanjiVGからの推定","",""
"別","4年","7","刀","","KanjiVGからの推定","",""
"辺","4年","5","辵","","KanjiVGからの推定","",""
"変","4年","9","夂","","KanjiVGからの推定","",""
"便","4年","9","人","","KanjiVGからの推定","",""
"包","4年","5","勹","","KanjiVGからの推定","",""
"法","4年","8","水","","KanjiVGからの推定","",""
"望","4年","11","月","","KanjiVGからの推定","",""
"牧","4年","8","牛","","KanjiVGからの推定","",""
"末","4年","5","木","","KanjiVGからの推定","",""
"満","4年","12","水","","KanjiVGからの推定","",""
"未","4年","5","木","","KanjiVGからの推定","",""
"民","4年","5","氏","","KanjiVGからの推定","",""
"無","4年","12","火","","KanjiVGからの推定","",""
"約","4年","9","糸","","KanjiVGからの推定","",""
"勇","4年","9","力","","KanjiVGからの推定","",""
"要","4年","9","襾","","KanjiVGからの推定","",""
"養","4年","15","食","","KanjiVGからの推定","",""
"浴","4年","10","水","","KanjiVGからの推定","",""
"利","4年","7","刀","","KanjiVGからの推定","",""
"陸","4年","11","阜","","KanjiVGからの推定","",""
"良","4年","7","艮","","KanjiVGからの推定","",""
"料","4年","10","斗","","KanjiVGからの推定","",""
"量","4年","12","里","","KanjiVGからの推定","",""
"輪","4年","15","車","","KanjiVGからの推定","",""
"類","4年","18","頁","","KanjiVGからの推定","",""
"令","4年","5","人","","KanjiVGからの推定","",""
"冷","4年","7","冫","","KanjiVGからの推定","",""
"例","4年","8","人","","KanjiVGからの推定","",""
"連","4年","10","辵","","KanjiVGからの推定","",""
"老","4年","6","老","","KanjiVGからの推定","",""
"労","4年","7","力","","KanjiVGからの推定","",""
"録","4年","16","金","","KanjiVGからの推定","",""
"圧","5年","5","土","","KanjiVGからの推定","",""
"囲","5年","7","囗","","KanjiVGからの推定","",""
"移","5年","11","禾","","KanjiVGからの推定","",""
"因","5年","6","囗","","KanjiVGからの推定","",""
"永","5年","5","水","","KanjiVGからの推定","",""
"営","5年","12","口","","KanjiVGからの推定","",""
"衛","5年","16","行","","KanjiVGからの推定","",""
"易","5年","8","日","","KanjiVGからの推定","",""
"益","5年","10","皿","","KanjiVGからの推定","",""
"液","5年","11","水","","KanjiVGからの推定","",""
"演","5年","14","水","","KanjiVGからの推定","",""
"応","5年","7","心","","KanjiVGからの推定","",""
"往","5年","8","彳","","KanjiVGからの推定","",""
"桜","5年","10","木","","KanjiVGからの推定","",""
"可","5年","5","口","","KanjiVGからの推定","",""
"仮","5年","6","人","","KanjiVGからの推定","",""
"価","5年","8","人","","KanjiVGからの推定","",""
"河","5年","8","水","","KanjiVGからの推定","",""
"過","5年","12","辵","","KanjiVGからの推定","",""
"快","5年","7","心","","KanjiVGからの推定","",""
"解","5年","13","角","","KanjiVGからの推定","",""
"格","5年","10","木","","KanjiVGからの推定","",""
"確","5年","15","石","","KanjiVGからの推定","",""
"額","5年","18","頁","","KanjiVGからの推定","",""
"刊","5年","5","刀","","KanjiVGからの推定","",""
"幹","5年","13","干","","KanjiVGからの推定","",""
"慣","5年","14","心","","KanjiVGからの推定","",""
"眼","5年","11","目","","KanjiVGからの推定","",""
"紀","5年","9","糸","","KanjiVGからの推定","",""
"基","5年","11","土","","KanjiVGからの推定","",""
"寄","5年","11","宀","","KanjiVGからの推定","",""
"規","5年","11","見","","KanjiVGからの推定","",""
"喜","5年","12","口","","KanjiVGからの推定","",""
"技","5年","7","手","","KanjiVGからの推定","",""
"義","5年","13","羊","","KanjiVGからの推定","",""
"逆","5年","9","辵","","KanjiVGからの推定","",""
"久","5年","3","丿","","KanjiVGからの推定","",""
"旧","5年","5","日","","KanjiVGからの推定","",""
"救","5年","11","攴","","KanjiVGからの推定","",""
"居","5年","8","尸","","KanjiVGからの推定","",""
"許","5年","11","言","","KanjiVGからの推定","",""
"境","5年","14","土","","KanjiVGからの推定","",""
"均","5年","7","土","","KanjiVGからの推定","",""
"禁","5年","13","示","","KanjiVGからの推定","",""
"句","5年","5","口","","KanjiVGからの推定","",""
"型","5年","9","土","","KanjiVGからの推定","",""
"経","5年","11","糸","","KanjiVGからの推定","",""
"潔","5年","15","水","","KanjiVGからの推定","",""
"件","5年","6","人","","KanjiVGからの推定","",""
"険","5年","11","阜","","KanjiVGからの推定","",""
"検","5年","12","木","","KanjiVGからの推定","",""
"限","5年","9","阜","","KanjiVGからの推定","",""
"現","5年","11","玉","","KanjiVGからの推定","",""
"減","5年","12","水","","KanjiVGからの推定","",""
"故","5年","9","攴","","KanjiVGからの推定","",""
"個","5年","10","人","","KanjiVGからの推定","",""
"護","5年","20","言","","KanjiVGからの推定","",""
"効","5年","8","力","","KanjiVGからの推定","",""
"厚","5年","9","厂","","KanjiVGからの推定","",""
"耕","5年","10","耒","","KanjiVGからの推定","",""
"航","5年","10","舟","","KanjiVGからの推定","",""
"鉱","5年","13","金","","KanjiVGからの推定","",""
"構","5年","14","木","","KanjiVGからの推定","",""
"興","5年","16","臼","","KanjiVGからの推定","",""
"講","5年","17","言","","KanjiVGからの推定","",""
"告","5年","7","口","","KanjiVGからの推定","",""
"混","5年","11","水","","KanjiVGからの推定","",""
"査","5年","9","木","","KanjiVGからの推定","",""
"再","5年","6","冂","","KanjiVGからの推定","",""
"災","5年","7","火","","KanjiVGからの推定","",""
"妻","5年","8","女","","KanjiVGからの推定","",""
"採","5年","11","手","","KanjiVGからの推定","",""
"際","5年","14","阜","","KanjiVGからの推定","",""
"在","5年","6","土","","KanjiVGからの推定","",""
"財","5年","10","貝","","KanjiVGからの推定","",""
"罪","5年","13","网","","KanjiVGからの推定","",""
"殺","5年","10","殳","","KanjiVGからの推定","",""
"雑","5年","14","隹","","KanjiVGからの推定","",""
"酸","5年","14","酉","","KanjiVGからの推定","",""
"賛","5年","15","貝","","KanjiVGからの推定","",""
"士","5年","3","士","","KanjiVGからの推定","",""
"支","5年","4","支","","KanjiVGからの推定","",""
"史","5年","5","口","","KanjiVGからの推定","",""
"志","5年","7","心","","KanjiVGからの推定","",""
"枝","5年","8","木","","KanjiVGからの推定","",""
"師","5年","10","巾","","KanjiVGからの推定","",""
"資","5年","13","貝","","KanjiVGからの推定","",""
"飼","5年","13","食","","KanjiVGからの推定","",""
"示","5年","5","示","","KanjiVGからの推定","",""
"似","5年","7","人","","KanjiVGからの推定","",""
"識","5年","19","言","","KanjiVGからの推定","",""
"質","5年","15","貝","","KanjiVGからの推定","",""
"舎","5年","8","人","","KanjiVGからの推定","",""
"謝","5年","17","言","","KanjiVGからの推定","",""
"授","5年","11","手","","KanjiVGからの推定","",""
"修","5年","10","人","","KanjiVGからの推定","",""
"述","5年","8","辵","","KanjiVGからの推定","",""
"術","5年","11","行","","KanjiVGからの推定","",""
"準","5年","13","水","","KanjiVGからの推定","",""
"序","5年","7","广","","KanjiVGからの推定","",""
"招","5年","8","手","","KanjiVGからの推定","",""
"証","5年","12","言","","KanjiVGからの推定","",""
"象","5年","12","豕","","KanjiVGからの推定","",""
"賞","5年","15","貝","","KanjiVGからの推定","",""
"条","5年","7","木","","KanjiVGからの推定","",""
"状","5年","7","犬","","KanjiVGからの推定","",""
"常","5年","11","巾","","KanjiVGからの推定","",""
"情","5年","11","心","","KanjiVGからの推定","",""
"織","5年","18","糸","","KanjiVGからの推定","",""
"職","5年","18","耳","","KanjiVGからの推定","",""
"制","5年","8","刀","","KanjiVGからの推定","",""
"性","5年","8","心","","KanjiVGからの推定","",""
"政","5年","9","攴","","KanjiVGからの推定","",""
"勢","5年","13","力","","KanjiVGからの推定","",""
"精","5年","14","米","","KanjiVGからの推定","",""
"製","5年","14","衣","","KanjiVGからの推定","",""
"税","5年","12","禾","","KanjiVGからの推定","",""
"責","5年","11","貝","","KanjiVGからの推定","",""
"績","5年","17","糸","","KanjiVGからの推定","",""
"接","5年","11","手","","KanjiVGからの推定","",""
"設","5年","11","言","","KanjiVGからの推定","",""
"絶","5年","12","糸","","KanjiVGからの推定","",""
"祖","5年","9","示","","KanjiVGからの推定","",""
"素","5年","10","糸","","KanjiVGからの推定","",""
"総","5年","14","糸","","KanjiVGからの推定","",""
"造","5年","10","辵","","KanjiVGからの推定","",""
"像","5年","14","人","","KanjiVGからの推定","",""
"増","5年","14","土","","KanjiVGからの推定","",""
"則","5年","9","刀","","KanjiVGからの推定","",""
"測","5年","12","水","","KanjiVGからの推定","",""
"属","5年","12","尸","","KanjiVGからの推定","",""
"率","5年","11","玄","","KanjiVGからの推定","",""
"損","5年","13","手","","KanjiVGからの推定","",""
"貸","5年","12","貝","","KanjiVGからの推定","",""
"態","5年","14","心","","KanjiVGからの推定","",""
"団","5年","6","囗","","KanjiVGからの推定","",""
"断","5年","11","斤","","KanjiVGからの推定","",""
"築","5年","16","竹","","KanjiVGからの推定","",""
"貯","5年","12","貝","","KanjiVGからの推定","",""
"張","5年","11","弓","","KanjiVGからの推定","",""
"停","5年","11","人","","KanjiVGからの推定","",""
"提","5年","12","手","","KanjiVGからの推定","",""
"程","5年","12","禾","","KanjiVGからの推定","",""
"適","5年","14","辵","","KanjiVGからの推定","",""
"統","5年","12","糸","","KanjiVGからの推定","",""
"堂","5年","11","土","","KanjiVGからの推定","",""
"銅","5年","14","金","","KanjiVGからの推定","",""
"導","5年","15","寸","","KanjiVGからの推定","",""
"得","5年","11","彳","","KanjiVGからの推定","",""
"毒","5年","8","毋","","KanjiVGからの推定","",""
"独","5年","9","犬","","KanjiVGからの推定","",""
"任","5年","6","人","","KanjiVGからの推定","",""
"燃","5年","16","火","","KanjiVGからの推定","",""
"能","5年","10","肉","","KanjiVGからの推定","",""
"破","5年","10","石","","KanjiVGからの推定","",""
"犯","5年","5","犬","","KanjiVGからの推定","",""
"判","5年","7","刀","","KanjiVGからの推定","",""
"版","5年","8","片","","KanjiVGからの推定","",""
"比","5年","4","比","","KanjiVGからの推定","",""
"肥","5年","8","肉","","KanjiVGからの推定","",""
"非","5年","8","非","","KanjiVGからの推定","",""
"費","5年","12","貝","","KanjiVGからの推定","",""
"備","5年","12","人","","KanjiVGからの推定","",""
"評","5年","12","言","","KanjiVGからの推定","",""
"貧","5年","11","貝","","KanjiVGからの推定","",""
"布","5年","5","巾","","KanjiVGからの推定","",""
"婦","5年","11","女","","KanjiVGからの推定","",""
"武","5年","8","止","","KanjiVGからの推定","",""
"復","5年","12","彳","","KanjiVGからの推定","",""
"複","5年","14","衣","","KanjiVGからの推定","",""
"仏","5年","4","人","","KanjiVGからの推定","",""
"粉","5年","10","米","","KanjiVGからの推定","",""
"編","5年","15","糸","","KanjiVGからの推定","",""
"弁","5年","5","廾","","KanjiVGからの推定","",""
"保","5年","9","人","","KanjiVGからの推定","",""
"墓","5年","13","土","","KanjiVGからの推定","",""
"報","5年","12","土","","KanjiVGからの推定","",""
"豊","5年","13","豆","","KanjiVGからの推定","",""
"防","5年","7","阜","","KanjiVGからの推定","",""
"貿","5年","12","貝","","KanjiVGからの推定","",""
"暴","5年","15","日","","KanjiVGからの推定","",""
"脈","5年","10","肉","","KanjiVGからの推定","",""
"務","5年","11","力","","KanjiVGからの推定","",""
"夢","5年","13","夕","","KanjiVGからの推定","",""
"迷","5年","9","辵","","KanjiVGからの推定","",""
"綿","5年","14","糸","","KanjiVGからの推定","",""
"輸","5年","16","車","","KanjiVGからの推定","",""
"余","5年","7","人","","KanjiVGからの推定","",""
"容","5年","10","宀","","KanjiVGからの推定","",""
"略","5年","11","田","","KanjiVGからの推定","",""
"留","5年","10","田","","KanjiVGからの推定","",""
"領","5年","14","頁","","KanjiVGからの推定","",""
"歴","5年","14","止","","KanjiVGからの推定","",""
"胃","6年","9","肉","","KanjiVGからの推定","",""
"異","6年","11","田","","KanjiVGからの推定","",""
"遺","6年","15","辵","","KanjiVGからの推定","",""
"域","6年","11","土","","KanjiVGからの推定","",""
"宇","6年","6","宀","","KanjiVGからの推定","",""
"映","6年","9","日","","KanjiVGからの推定","",""
"延","6年","8","廴","","KanjiVGからの推定","",""
"沿","6年","8","水","","KanjiVGからの推定","",""
"恩","6年","10","心","","KanjiVGからの推定","",""
"我","6年","7","戈","","KanjiVGからの推定","",""
"灰","6年","6","火","","KanjiVGからの推定","",""
"拡","6年","8","手","","KanjiVGからの推定","",""
"革","6年","9","革","","KanjiVGからの推定","",""
"閣","6年","14","門","","KanjiVGからの推定","",""
"割","6年","12","刀","","KanjiVGからの推定","",""
"株","6年","10","木","","KanjiVGからの推定","",""
"干","6年","3","干","","KanjiVGからの推定","",""
"巻","6年","9","己","","KanjiVGからの推定","",""
"看","6年","9","目","","KanjiVGからの推定","",""
"簡","6年","18","竹","","KanjiVGからの推定","",""
"危","6年","6","卩","","KanjiVGからの推定","",""
"机","6年","6","木","","KanjiVGからの推定","",""
"揮","6年","12","手","","KanjiVGからの推定","",""
"貴","6年","12","貝","","KanjiVGからの推定","",""
"疑","6年","14","疋","","KanjiVGからの推定","",""
"吸","6年","6","口","","KanjiVGからの推定","",""
"供","6年","8","人","","KanjiVGからの推定","",""
"胸","6年","10","肉","","KanjiVGからの推定","",""
"郷","6年","11","邑","","KanjiVGからの推定","",""
"勤","6年","12","力","","KanjiVGからの推定","",""
"筋","6年","12","竹","","KanjiVGからの推定","",""
"系","6年","7","糸","","KanjiVGからの推定","",""
"敬","6年","12","攴","","KanjiVGからの推定","",""
"警","6年","19","言","","KanjiVGからの推定","",""
"劇","6年","15","刀","","KanjiVGからの推定","",""
"激","6年","16","水","","KanjiVGからの推定","",""
"穴","6年","5","穴","","KanjiVGからの推定","",""
"券","6年","8","刀","","KanjiVGからの推定","",""
"絹","6年","13","糸","","KanjiVGからの推定","",""
"権","6年","15","木","","KanjiVGからの推定","",""
"憲","6年","16","心","","KanjiVGからの推定","",""
"源","6年","13","水","","KanjiVGからの推定","",""
"厳","6年","17","厂","","KanjiVGからの推定","",""
"己","6年","3","己","","KanjiVGからの推定","",""
"呼","6年","8","口","","KanjiVGからの推定","",""
"誤","6年","14","言","","KanjiVGからの推定","",""
"后","6年","6","口","","KanjiVGからの推定","",""
"孝","6年","7","子","","KanjiVGからの推定","",""
"皇","6年","9","白","","KanjiVGからの推定","",""
"紅","6年","9","糸","","KanjiVGからの推定","",""
"降","6年","10","阜","","KanjiVGからの推定","",""
"鋼","6年","16","金","","KanjiVGからの推定","",""
"刻","6年","8","刀","","KanjiVGからの推定","",""
"穀","6年","14","禾","","KanjiVGからの推定","",""
"骨","6年","10","骨","","KanjiVGからの推定","",""
"困","6年","7","囗","","KanjiVGからの推定","",""
"砂","6年","9","石","","KanjiVGからの推定","",""
"座","6年","10","广","","KanjiVGからの推定","",""
"済","6年","11","水","","KanjiVGからの推定","",""
"裁","6年","12","衣","","KanjiVGからの推定","",""
"策","6年","12","竹","","KanjiVGからの推定","",""
"冊","6年","5","冂","","KanjiVGからの推定","",""
"蚕","6年","10","虫","","KanjiVGからの推定","",""
"至","6年","6","至","","KanjiVGからの推定","",""
"私","6年","7","禾","","KanjiVGからの推定","",""
"姿","6年","9","女","","KanjiVGからの推定","",""
"視","6年","11","見","","KanjiVGからの推定","",""
"詞","6年","12","言","","KanjiVGからの推定","",""
"誌","6年","14","言","","KanjiVGからの推定","",""
"磁","6年","14","石","","KanjiVGからの推定","",""
"射","6年","10","寸","","KanjiVGからの推定","",""
"捨","6年","11","手","","KanjiVGからの推定","",""
"尺","6年","4","尸","","KanjiVGからの推定","",""
"若","6年","8","艸","","KanjiVGからの推定","",""
"樹","6年","16","木","","KanjiVGからの推定","",""
"収","6年","4","又","","KanjiVGからの推定","",""
"宗","6年","8","宀","","KanjiVGからの推定","",""
"就","6年","12","尢","","KanjiVGからの推定","",""
"衆","6年","12","血","","KanjiVGからの推定","",""
"従","6年","10","彳","","KanjiVGからの推定","",""
"縦","6年","16","糸","","KanjiVGからの推定","",""
"縮","6年","17","糸","","KanjiVGからの推定","",""
"熟","6年","15","火","","KanjiVGからの推定","",""
"純","6年","10","糸","","KanjiVGからの推定","",""
"処","6年","5","几","","KanjiVGからの推定","",""
"署","6年","13","网","","KanjiVGからの推定","",""
"諸","6年","15","言","","KanjiVGからの推定","",""
"除","6年","10","阜","","KanjiVGからの推定","",""
"承","6年","8","手","","KanjiVGからの推定","",""
"将","6年","10","寸","","KanjiVGからの推定","",""
"傷","6年","13","人","","KanjiVGからの推定","",""
"障","6年","14","阜","","KanjiVGからの推定","",""
"蒸","6年","13","艸","","KanjiVGからの推定","",""
"針","6年","10","金","","KanjiVGからの推定","",""
"仁","6年","4","人","","KanjiVGからの推定","",""
"垂","6年","8","土","","KanjiVGからの推定","",""
"推","6年","11","手","","KanjiVGからの推定","",""
"寸","6年","3","寸","","KanjiVGからの推定","",""
"盛","6年","11","皿","","KanjiVGからの推定","",""
"聖","6年","13","耳","","KanjiVGからの推定","",""
"誠","6年","13","言","","KanjiVGからの推定","",""
"舌","6年","6","舌","","KanjiVGからの推定","",""
"宣","6年","9","宀","","KanjiVGからの推定","",""
"専","6年","9","寸","","KanjiVGからの推定","",""
"泉","6年","9","水","","KanjiVGからの推定","",""
"洗","6年","9","水","","KanjiVGからの推定","",""
"染","6年","9","木","","KanjiVGからの推定","",""
"銭","6年","14","金","","KanjiVGからの推定","",""
"善","6年","12","口","","KanjiVGからの推定","",""
"奏","6年","9","大","","KanjiVGからの推定","",""
"窓","6年","11","穴","","KanjiVGからの推定","",""
"創","6年","12","刀","","KanjiVGからの推定","",""
"装","6年","12","衣","","KanjiVGからの推定","",""
"層","6年","14","尸","","KanjiVGからの推定","",""
"操","6年","16","手","","KanjiVGからの推定","",""
"蔵","6年","15","艸","","KanjiVGからの推定","",""
"臓","6年","19","肉","","KanjiVGからの推定","",""
"存","6年","6","子","","KanjiVGからの推定","",""
"尊","6年","12","寸","","KanjiVGからの推定","",""
"退","6年","9","辵","","KanjiVGからの推定","",""
"宅","6年","6","宀","","KanjiVGからの推定","",""
"担","6年","8","手","","KanjiVGからの推定","",""
"探","6年","11","手","","KanjiVGからの推定","",""
"誕","6年","15","言","","KanjiVGからの推定","",""
"段","6年","9","殳","","KanjiVGからの推定","",""
"暖","6年","13","日","","KanjiVGからの推定","",""
"値","6年","10","人","","KanjiVGからの推定","",""
"宙","6年","8","宀","","KanjiVGからの推定","",""
"忠","6年","8","心","","KanjiVGからの推定","",""
"著","6年","11","艸","","KanjiVGからの推定","",""
"庁","6年","5","广","","KanjiVGからの推定","",""
"頂","6年","11","頁","","KanjiVGからの推定","",""
"腸","6年","13","肉","","KanjiVGからの推定","",""
"潮","6年","15","水","","KanjiVGからの推定","",""
"賃","6年","13","貝","","KanjiVGからの推定","",""
"痛","6年","12","疒","","KanjiVGからの推定","",""
"敵","6年","15","攴","","KanjiVGからの推定","",""
"展","6年","10","尸","","KanjiVGからの推定","",""
"討","6年","10","言","","KanjiVGからの推定","",""
"党","6年","10","儿","","KanjiVGからの推定","",""
"糖","6年","16","米","","KanjiVGからの推定","",""
"届","6年","8","尸","","KanjiVGからの推定","",""
"難","6年","18","隹","","KanjiVGからの推定","",""
"乳","6年","8","乙","","KanjiVGからの推定","",""
"認","6年","14","言","","KanjiVGからの推定","",""
"納","6年","10","糸","","KanjiVGからの推定","",""
"脳","6年","11","肉","","KanjiVGからの推定","",""
"派","6年","9","水","","KanjiVGからの推定","",""
"拝","6年","8","手","","KanjiVGからの推定","",""
"背","6年","9","肉","","KanjiVGからの推定","",""
"肺","6年","9","肉","","KanjiVGからの推定","",""
"俳","6年","10","人","","KanjiVGからの推定","",""
"班","6年","10","玉","","KanjiVGからの推定","",""
"晩","6年","12","日","","KanjiVGからの推定","",""
"否","6年","7","口","","KanjiVGからの推定","",""
"批","6年","7","手","","KanjiVGからの推定","",""
"秘","6年","10","禾","","KanjiVGからの推定","",""
"俵","6年","10","人","","KanjiVGからの推定","",""
"腹","6年","13","肉","","KanjiVGからの推定","",""
"奮","6年","16","大","","KanjiVGからの推定","",""
"並","6年","8","一","","KanjiVGからの推定","",""
"陛","6年","10","阜","","KanjiVGからの推定","",""
"閉","6年","11","門","","KanjiVGからの推定","",""
"片","6年","4","片","","KanjiVGからの推定","",""
"補","6年","12","衣","","KanjiVGからの推定","",""
"暮","6年","14","日","","KanjiVGからの推定","",""
"宝","6年","8","宀","","KanjiVGからの推定","",""
"訪","6年","11","言","","KanjiVGからの推定","",""
"亡","6年","3","亠","","KanjiVGからの推定","",""
"忘","6年","7","心","","KanjiVGからの推定","",""
"棒","6年","12","木","","KanjiVGからの推定","",""
"枚","6年","8","木","","KanjiVGからの推定","",""
"幕","6年","13","巾","","KanjiVGからの推定","",""
"密","6年","11","宀","","KanjiVGからの推定","",""
"盟","6年","13","皿","","KanjiVGからの推定","",""
"模","6年","14","木","","KanjiVGからの推定","",""
"訳","6年","11","言","","KanjiVGからの推定","",""
"郵","6年","11","邑","","KanjiVGからの推定","",""
"優","6年","17","人","","KanjiVGからの推定","",""
"預","6年","13","頁","","KanjiVGからの推定","",""
"幼","6年","5","幺","","KanjiVGからの推定","",""
"欲","6年","11","欠","","KanjiVGからの推定","",""
"翌","6年","11","羽","","KanjiVGからの推定","",""
"乱","6年","7","乙","","KanjiVGからの推定","",""
"卵","6年","7","卩","","KanjiVGからの推定","",""
"覧","6年","17","見","","KanjiVGからの推定","",""
"裏","6年","13","衣","","KanjiVGからの推定","",""
"律","6年","9","彳","","KanjiVGからの推定","",""
"臨","6年","18","臣","","KanjiVGからの推定","",""
"朗","6年","10","月","","KanjiVGからの推定","",""
"論","6年","15","言","","KanjiVGからの推定","",""
